<?xml version="1.0" encoding="UTF-8" standalone="yes"?>

<WinampAbstractionLayer version="1.35">
	<skininfo>
		<version>1.1</version>
		<name>Nullsoft Winamp XP</name>
		<comment>A Modern Skin in the style of Windows XP based on Winamp Classic Modern</comment>
		<author>mirzi // Gordon Freeman // Victhor</author>
		<screenshot>screenshot.png</screenshot>
		<wacupscreenshot>wacupscreenshot.png</wacupscreenshot>
	</skininfo>

	<accelerators section="general">
		<accelerator bind="Ctrl+W" action="HOTKEY_SHADETOGGLE"/>
		<accelerator bind="Ctrl+Q" action="HOTKEY_CONTS"/>
		<accelerator bind="Ctrl+W" action="HOTKEY_SHADETOGGLEPL"/>
	</accelerators>
	
	<accelerators section="shade">
		<accelerator bind="Ctrl+W" action="HOTKEY_SHADETOGGLE"/>
	</accelerators>
	
	<accelerators section="normaleq">
		<accelerator bind="Ctrl+W" action="HOTKEY_SHADETOGGLEEQ"/>
	</accelerators>
	
	<include file="xml/elements.xml"/>
	<elements>
	<include file="xml/elements-colors.xml"/>
	</elements>
	<include file="xml/system.xml"/>
  	<include file="xml/standardframe.xml"/>
  	<include file="xml/titlebar.xml"/>
	<include file="xml/main-player.xml"/>
	<include file="xml/albumart.xml"/>
	<include file="xml/equalizer.xml"/>
	<include file="xml/playlist-editor.xml"/>
	<include file="xml/media-library.xml"/>
	<include file="xml/video.xml"/>
	<include file="xml/visualization.xml"/>
	<include file="xml/about.xml"/>
	<include file="xml/color-themes.xml"/>
	<include file="xml/window-overrides.xml"/>
	<include file="xml/winampvis.xml"/>
	
	<scripts>
		<script id="script.system" file="scripts/system.maki"></script>
    <script file="scripts\visualizer.maki"/>
	</scripts>

	
</WinampAbstractionLayer>