<groupdef id="badapple.group" x="0" y="0" relatw="1" relath="1">

	<rect x="0" y="0" h="1000" w="1000" color="0,0,0" filled="1"/>

	<text id="badapple_text" x="0" y="1" text="" h="1000" w="1000" fontsize="14"
    align="left" valign="top" font="cour" color="255,255,255" antialias="0" ghost="1"/>

	<text id="badapple_text2" x="0" y="121" text="" h="1000" w="1000" fontsize="7"
    align="left" valign="top" font="cour" color="255,255,255" antialias="0" ghost="1"/>

	<text id="badapple_text3" x="0" y="241" text="" h="1000" w="1000" fontsize="7"
    align="left" valign="top" font="cour" color="255,255,255" antialias="0" ghost="1"/>

	<text id="badapple_text4" x="0" y="361" text="" h="1000" w="1000" fontsize="7"
    align="left" valign="top" font="cour" color="255,255,255" antialias="0" ghost="1"/>

	<!--vis id="badapple.vis" x="388" y="4" w="36" h="8" cursor="cur.normal" gammagroup="visualizers"/-->

	<!--button id="button.play" x="427" y="2" w="12" h="12" image="status.icon.play.dark" alpha="255" tooltip="Play Animation" rectrgn="1" cursor="cur.normal"/>
	<button id="button.stop" x="439" y="2" w="12" h="12" image="status.icon.stop.dark" alpha="255" tooltip="Stop Animation" rectrgn="1" cursor="cur.normal"/-->

	<script file="../WinampXP/scripts/badapple.maki"/>

</groupdef>

<container id="badapple" name="Bad Apple!!" default_visible="0">

	<layout id="normal" minimum_w="540" maximum_w="540" w="540" minimum_h="428" maximum_h="428" h="428" appbar="top|bottom|left|right">
		<Wasabi:Standardframe:NoStatus x="0" y="0" w="0" h="0" relatw="1" relath="1" content="badapple.group" />
		<sendparams target="wasabi.frame.layout.base.bg" alpha="0"/>
	</layout>
	
</container>