<container id="winamp.albumart" name="Album Art" default_visible="1">

<groupdef id="albumart.group">
	<AlbumArt id="waaa" fitparent="1" move="1"/>

	<script file="../WinampXP/scripts/albumart.maki" param="waaa" />
</groupdef>

<layout id="normal" minimum_w="212" minimum_h="242" h="242" w="212" appbar="top|bottom|left|right">
	<Wasabi:Standardframe:NoStatus x="0" y="0" w="0" h="0" relatw="1" relath="1" content="albumart.group" />
  <sendparams target="titlebar.title.bg.group" w="170"/>
	
</layout>

</container>