  <bitmap id="studio.basetexture" file="images/window/windows-elements.png" x="188" y="0" h="10" w="10" gammagroup="plastic"/>
  <bitmap id="component.basetexture" file="images/window/windows-elements.png" x="188" y="0" h="10" w="10" gammagroup="plastic"/>
  <bitmap id="wasabi.frame.basetexture" file="images/window/windows-elements.png" x="188" y="0" h="10" w="10" gammagroup="plastic"/>
  <bitmap id="base.color" file="$solid" h="1" w="1" color="27,23,49" gammagroup="display"/>
  <bitmap id="frame.color" file="$solid" h="1" w="1" color="117,116,139" gammagroup="display"/>
  
  <bitmap id="wasabi.button.close.flat" file="images/window/windows-elements.png" x="160" y="56" h="9" w="10" gammagroup="goldbuttons"/>

<!-- Frame windows -->
  <bitmap id="studio.framewnd.verticaldivider" file="images/window/windows-elements.png" x="124" y="53" h="65" w="8" gammagroup="display"/>
  <bitmap id="studio.framewnd.verticalgrabber" file="images/window/windows-elements.png" x="115" y="53" h="65" w="8" gammagroup="display"/>
  <bitmap id="studio.framewnd.horizontaldivider" file="images/window/windows-elements.png" x="40" y="97" h="8" w="65" gammagroup="display"/>
  <bitmap id="studio.framewnd.horizontalgrabber" file="images/window/windows-elements.png" x="40" y="106" h="8" w="65" gammagroup="display"/>

  <bitmap id="wasabi.frame.divider.top.left" file="images/window/windows-elements.png" x="115" y="31" h="3" w="3" gammagroup="display"/>
  <bitmap id="wasabi.frame.divider.top" file="images/window/windows-elements.png" x="118" y="31" h="3" w="10" gammagroup="display"/>
  <bitmap id="wasabi.frame.divider.top.right" file="images/window/windows-elements.png" x="128" y="31" h="3" w="3" gammagroup="display"/>
  <bitmap id="wasabi.frame.divider.left" file="images/window/windows-elements.png" x="115" y="34" h="10" w="3" gammagroup="display"/>
  <bitmap id="wasabi.frame.divider.center" file="images/window/windows-elements.png" x="118" y="34" h="10" w="10" gammagroup="display"/>
  <bitmap id="wasabi.frame.divider.right" file="images/window/windows-elements.png" x="128" y="34" h="10" w="3" gammagroup="display"/>
  <bitmap id="wasabi.frame.divider.bottom.left" file="images/window/windows-elements.png" x="115" y="44" h="3" w="3" gammagroup="display"/>
  <bitmap id="wasabi.frame.divider.bottom" file="images/window/windows-elements.png" x="118" y="44" h="3" w="10" gammagroup="display"/>
  <bitmap id="wasabi.frame.divider.bottom.right" file="images/window/windows-elements.png" x="128" y="44" h="3" w="3" gammagroup="display"/>

<!-- Generic Lists and Trees -->

  <bitmap id="studio.list.background" file="images/window/windows-elements.png" x="188" y="0" h="10" w="10" gammagroup="display-sui"/>
  <bitmap id="studio.tree.background" file="images/window/windows-elements.png" x="188" y="0" h="10" w="10" gammagroup="display-sui"/>

  <bitmap id="studio.tree.tab.closed" file="images/window/windows-elements.png" x="149" y="0" h="14" w="14" gammagroup="display"/>
  <bitmap id="studio.tree.tab.open" file="images/window/windows-elements.png" x="135" y="0" h="14" w="14" gammagroup="display"/>
  <bitmap id="studio.tree.link.top.bottom" file="images/window/windows-elements.png" x="135" y="14" h="14" w="14" gammagroup="display"/>
  <bitmap id="studio.tree.link.top.right" file="images/window/windows-elements.png" x="135" y="42" h="14" w="14" gammagroup="display"/>
  <bitmap id="studio.tree.link.top.rightBottom" file="images/window/windows-elements.png" x="135" y="28" h="14" w="14" gammagroup="display"/>
  <bitmap id="studio.tree.link.tab.top.bottom" file="images/window/windows-elements.png" x="149" y="14" h="14" w="14" gammagroup="display"/>
  <bitmap id="studio.tree.link.tab.top.right" file="images/window/windows-elements.png" x="149" y="42" h="14" w="14" gammagroup="display"/>
  <bitmap id="studio.tree.link.tab.top.rightBottom" file="images/window/windows-elements.png" x="149" y="28" h="14" w="14" gammagroup="display"/>

<!-- Old List & Tree scrollbars -->
  <bitmap id="studio.scrollbar.horizontal.background" 			file="images/window/scrollbars.png" x="66" y="58" h="17" w="43" gammagroup="goldbuttons"/>
  <bitmap id="studio.scrollbar.horizontal.left" 				file="images/window/scrollbars.png" x="49" y="9" h="16" w="17" gammagroup="goldbuttons"/>
  <bitmap id="studio.scrollbar.horizontal.left.hilite" 			file="images/window/scrollbars.png" x="49" y="25" h="16" w="17" gammagroup="goldbuttons"/>
  <bitmap id="studio.scrollbar.horizontal.left.pressed" 		file="images/window/scrollbars.png" x="49" y="41" h="16" w="17" gammagroup="goldbuttons"/>
  <bitmap id="studio.scrollbar.horizontal.right" 				file="images/window/scrollbars.png" x="108" y="9" h="16" w="17" gammagroup="goldbuttons"/>
  <bitmap id="studio.scrollbar.horizontal.right.hilite" 		file="images/window/scrollbars.png" x="108" y="25" h="16" w="17" gammagroup="goldbuttons"/>
  <bitmap id="studio.scrollbar.horizontal.right.pressed" 		file="images/window/scrollbars.png" x="108" y="41" h="16" w="17" gammagroup="goldbuttons"/>
  <bitmap id="studio.scrollbar.horizontal.button" 				file="images/window/scrollbars.png" x="66" y="9" h="16" w="43" gammagroup="goldbuttons"/>
  <bitmap id="studio.scrollbar.horizontal.button.hilite" 		file="images/window/scrollbars.png" x="66" y="25" h="16" w="43" gammagroup="goldbuttons"/>
  <bitmap id="studio.scrollbar.horizontal.button.pressed" 		file="images/window/scrollbars.png" x="66" y="41" h="16" w="43" gammagroup="goldbuttons"/>

  <bitmap id="studio.scrollbar.vertical.background" 			file="images/window/scrollbars.png" x="49" y="70" h="42" w="17" gammagroup="goldbuttons"/>
  <bitmap id="studio.scrollbar.vertical.left" 					file="images/window/scrollbars.png" x="0" y="37" h="17" w="16" gammagroup="goldbuttons"/>
  <bitmap id="studio.scrollbar.vertical.left.hilite" 			file="images/window/scrollbars.png" x="16" y="37" h="17" w="16" gammagroup="goldbuttons"/>
  <bitmap id="studio.scrollbar.vertical.left.pressed" 			file="images/window/scrollbars.png" x="32" y="37" h="17" w="16" gammagroup="goldbuttons"/>
  <bitmap id="studio.scrollbar.vertical.right" 					file="images/window/scrollbars.png" x="0" y="96" h="17" w="16" gammagroup="goldbuttons"/>
  <bitmap id="studio.scrollbar.vertical.right.hilite" 			file="images/window/scrollbars.png" x="16" y="96" h="17" w="16" gammagroup="goldbuttons"/>
  <bitmap id="studio.scrollbar.vertical.right.pressed" 			file="images/window/scrollbars.png" x="32" y="96" h="17" w="16" gammagroup="goldbuttons"/>
  <bitmap id="studio.scrollbar.vertical.button" 				file="images/window/scrollbars.png" x="0" y="54" h="42" w="16" gammagroup="goldbuttons"/>
  <bitmap id="studio.scrollbar.vertical.button.hilite" 			file="images/window/scrollbars.png" x="16" y="54" h="42" w="16" gammagroup="goldbuttons"/>
  <bitmap id="studio.scrollbar.vertical.button.pressed" 		file="images/window/scrollbars.png" x="32" y="54" h="42" w="16" gammagroup="goldbuttons"/>

  <!-- thanks Gordon this is very nice -->

<!-- NewList & Tree scrollbars -->

  <bitmap id="wasabi.scrollbar.horizontal.left" 				file="images/window/scrollbars.png" x="49" y="9" h="16" w="17" gammagroup="goldbuttons"/>
  <bitmap id="wasabi.scrollbar.horizontal.left.hover" 			file="images/window/scrollbars.png" x="49" y="25" h="16" w="17" gammagroup="goldbuttons"/>
  <bitmap id="wasabi.scrollbar.horizontal.left.pressed" 		file="images/window/scrollbars.png" x="49" y="41" h="16" w="17"  gammagroup="goldbuttons"/>
  <bitmap id="wasabi.scrollbar.horizontal.right" 				file="images/window/scrollbars.png" x="108" y="9" h="16" w="17" gammagroup="goldbuttons"/>
  <bitmap id="wasabi.scrollbar.horizontal.right.hover" 			file="images/window/scrollbars.png" x="108" y="25" h="16" w="17" gammagroup="goldbuttons"/>
  <bitmap id="wasabi.scrollbar.horizontal.right.pressed" 		file="images/window/scrollbars.png" x="108" y="41" h="16" w="17" gammagroup="goldbuttons"/>

  <bitmap id="wasabi.scrollbar.horizontal.button.left" 			file="images/window/scrollbars.png" x="66" y="13" h="16" w="3" gammagroup="goldbuttons"/>
  <bitmap id="wasabi.scrollbar.horizontal.button.middle" 		file="images/window/scrollbars.png" x="70" y="13" h="16" w="35" gammagroup="goldbuttons"/>
  <bitmap id="wasabi.scrollbar.horizontal.button.right" 		file="images/window/scrollbars.png" x="106" y="13" h="16" w="3" gammagroup="goldbuttons"/>

  <bitmap id="wasabi.scrollbar.horizontal.button.left.hover" 	file="images/window/scrollbars.png" x="66" y="26" h="16" w="3" gammagroup="goldbuttons"/>
  <bitmap id="wasabi.scrollbar.horizontal.button.middle.hover" 	file="images/window/scrollbars.png" x="70" y="26" h="16" w="35" gammagroup="goldbuttons"/>
  <bitmap id="wasabi.scrollbar.horizontal.button.right.hover" 	file="images/window/scrollbars.png" x="106" y="26" h="16" w="3" gammagroup="goldbuttons"/>

  <bitmap id="wasabi.scrollbar.horizontal.button.left.pressed" 	file="images/window/scrollbars.png" x="66" y="39" h="16" w="3" gammagroup="goldbuttons"/>
  <bitmap id="wasabi.scrollbar.horizontal.button.middle.pressed" file="images/window/scrollbars.png" x="70" y="39" h="16" w="35" gammagroup="goldbuttons"/>
  <bitmap id="wasabi.scrollbar.horizontal.button.right.pressed" file="images/window/scrollbars.png" x="106" y="39" h="16" w="3" gammagroup="goldbuttons"/>

  <bitmap id="wasabi.scrollbar.vertical.background" 			file="images/window/scrollbars.png" x="49" y="70" h="42" w="16" gammagroup="goldbuttons"/>
	<bitmap id="wasabi.scrollbar.vertical.background.top" 		file="images/window/scrollbars.png" x="49" y="70" h="42" w="16" gammagroup="goldbuttons"/>
	<bitmap id="wasabi.scrollbar.vertical.background.middle" 	file="images/window/scrollbars.png" x="49" y="70" h="42" w="16" gammagroup="goldbuttons"/>
	<bitmap id="wasabi.scrollbar.vertical.background.bottom" 	file="images/window/scrollbars.png" x="49" y="70" h="42" w="16" gammagroup="goldbuttons"/>

  <bitmap id="wasabi.scrollbar.horizontal.background" 			file="images/window/scrollbars.png" x="66" y="58" h="16" w="43" gammagroup="goldbuttons"/>
	<bitmap id="wasabi.scrollbar.horizontal.background.top" 	file="images/window/scrollbars.png" x="66" y="58" h="16" w="43" gammagroup="goldbuttons"/>
	<bitmap id="wasabi.scrollbar.horizontal.background.middle" 	file="images/window/scrollbars.png" x="66" y="58" h="16" w="43" gammagroup="goldbuttons"/>
	<bitmap id="wasabi.scrollbar.horizontal.background.bottom" 	file="images/window/scrollbars.png" x="66" y="58" h="16" w="43" gammagroup="goldbuttons"/>

  <bitmap id="wasabi.scrollbar.vertical.left"					file="images/window/scrollbars.png" x="0" y="37" h="17" w="16" gammagroup="goldbuttons"/>
  <bitmap id="wasabi.scrollbar.vertical.left.hover" 			file="images/window/scrollbars.png" x="16" y="37" h="17" w="16" gammagroup="goldbuttons"/>
  <bitmap id="wasabi.scrollbar.vertical.left.pressed" 			file="images/window/scrollbars.png" x="32" y="37" h="17" w="16" gammagroup="goldbuttons"/>

  <bitmap id="wasabi.scrollbar.vertical.right" 					file="images/window/scrollbars.png" x="0" y="96" h="17" w="16" gammagroup="goldbuttons"/>
  <bitmap id="wasabi.scrollbar.vertical.right.hover" 			file="images/window/scrollbars.png" x="16" y="96" h="17" w="16" gammagroup="goldbuttons"/>
  <bitmap id="wasabi.scrollbar.vertical.right.pressed" 			file="images/window/scrollbars.png" x="32" y="96" h="17" w="16" gammagroup="goldbuttons"/>

  <bitmap id="wasabi.scrollbar.vertical.button.top" 			file="images/window/scrollbars.png" x="0" y="54" h="3" w="16" gammagroup="goldbuttons"/>
  <bitmap id="wasabi.scrollbar.vertical.button.middle" 			file="images/window/scrollbars.png" x="0" y="57" h="35" w="16" gammagroup="goldbuttons"/>
  <bitmap id="wasabi.scrollbar.vertical.button.bottom" 			file="images/window/scrollbars.png" x="0" y="93" h="3" w="16" gammagroup="goldbuttons"/>

  <bitmap id="wasabi.scrollbar.vertical.button.top.hover" 		file="images/window/scrollbars.png" x="16" y="54" h="3" w="16" gammagroup="goldbuttons"/>
  <bitmap id="wasabi.scrollbar.vertical.button.middle.hover" 	file="images/window/scrollbars.png" x="16" y="57" h="35" w="16" gammagroup="goldbuttons"/>
  <bitmap id="wasabi.scrollbar.vertical.button.bottom.hover" 	file="images/window/scrollbars.png" x="16" y="93" h="3" w="16" gammagroup="goldbuttons"/>

  <bitmap id="wasabi.scrollbar.vertical.button.top.pressed" 	file="images/window/scrollbars.png" x="32" y="54" h="3" w="16" gammagroup="goldbuttons"/>
  <bitmap id="wasabi.scrollbar.vertical.button.middle.pressed" 	file="images/window/scrollbars.png" x="32" y="57" h="35" w="16" gammagroup="goldbuttons"/>
  <bitmap id="wasabi.scrollbar.vertical.button.bottom.pressed" 	file="images/window/scrollbars.png" x="32" y="93" h="3" w="16" gammagroup="goldbuttons"/>

<!-- labelwnd titles -->
  <bitmap id="studio.label.upperLeft" file="images/window/windows-elements.png" x="160" y="93" w="3" h="3" gammagroup="display"/>
  <bitmap id="studio.label.top" file="images/window/windows-elements.png" x="163" y="93" w="32" h="3" gammagroup="display"/>
  <bitmap id="studio.label.upperRight" file="images/window/windows-elements.png" x="195" y="93" w="3" h="3" gammagroup="display"/>
  <bitmap id="studio.label.left" file="images/window/windows-elements.png" x="160" y="96" w="3" h="12" gammagroup="display"/>
  <bitmap id="studio.label.middle" file="images/window/windows-elements.png" x="163" y="96" w="32" h="12" gammagroup="display"/>
  <bitmap id="studio.label.right" file="images/window/windows-elements.png" x="195" y="96" w="3" h="12" gammagroup="display"/>
  <bitmap id="studio.label.lowerLeft" file="images/window/windows-elements.png" x="160" y="108" w="3" h="3" gammagroup="display"/>
  <bitmap id="studio.label.bottom" file="images/window/windows-elements.png" x="163" y="108" w="32" h="3" gammagroup="display"/>
  <bitmap id="studio.label.lowerRight" file="images/window/windows-elements.png" x="195" y="108" w="3" h="3" gammagroup="display"/>

  <bitmap id="wasabi.label.top.left" file="images/window/windows-elements.png" x="160" y="93" w="3" h="3" gammagroup="display"/>
  <bitmap id="wasabi.label.top" file="images/window/windows-elements.png" x="163" y="93" w="32" h="3" gammagroup="display"/>
  <bitmap id="wasabi.label.top.right" file="images/window/windows-elements.png" x="195" y="93" w="3" h="3" gammagroup="display"/>
  <bitmap id="wasabi.label.left" file="images/window/windows-elements.png" x="160" y="96" w="3" h="12" gammagroup="display"/>
  <bitmap id="wasabi.label.middle" file="images/window/windows-elements.png" x="163" y="96" w="32" h="12" gammagroup="display"/>
  <bitmap id="wasabi.label.right" file="images/window/windows-elements.png" x="195" y="96" w="3" h="12" gammagroup="display"/>
  <bitmap id="wasabi.label.bottom.left" file="images/window/windows-elements.png" x="160" y="108" w="3" h="3" gammagroup="display"/>
  <bitmap id="wasabi.label.bottom" file="images/window/windows-elements.png" x="163" y="108" w="32" h="3" gammagroup="display"/>
  <bitmap id="wasabi.label.bottom.right" file="images/window/windows-elements.png" x="195" y="108" w="3" h="3" gammagroup="display"/>

<!-- default button -->
  <bitmap id="studio.button.upperLeft" file="images/window/windows-elements.png" x="1" y="135" h="3" w="3" gammagroup="greybuttons"/>
  <bitmap id="studio.button.top" file="images/window/windows-elements.png" x="4" y="135" h="3" w="25" gammagroup="greybuttons"/>
  <bitmap id="studio.button.upperRight" file="images/window/windows-elements.png" x="29" y="135" h="3" w="3" gammagroup="greybuttons"/>
  <bitmap id="studio.button.left" file="images/window/windows-elements.png" x="1" y="138" h="25" w="3" gammagroup="greybuttons"/>
  <bitmap id="studio.button.middle" file="images/window/windows-elements.png" x="4" y="138" h="25" w="25" gammagroup="greybuttons"/>
  <bitmap id="studio.button.right" file="images/window/windows-elements.png" x="29" y="138" h="25" w="3" gammagroup="greybuttons"/>
  <bitmap id="studio.button.lowerLeft" file="images/window/windows-elements.png" x="1" y="163" h="3" w="3" gammagroup="greybuttons"/>
  <bitmap id="studio.button.bottom" file="images/window/windows-elements.png" x="4" y="163" h="3" w="25" gammagroup="greybuttons"/>
  <bitmap id="studio.button.lowerRight" file="images/window/windows-elements.png" x="29" y="163 " h="3" w="3" gammagroup="greybuttons"/>

  <bitmap id="studio.button.pressed.upperLeft" file="images/window/windows-elements.png" x="67" y="135" h="3" w="3" gammagroup="greybuttons"/>
  <bitmap id="studio.button.pressed.top" file="images/window/windows-elements.png" x="70" y="135" h="3" w="25" gammagroup="greybuttons"/>
  <bitmap id="studio.button.pressed.upperRight" file="images/window/windows-elements.png" x="95" y="135" h="3" w="3" gammagroup="greybuttons"/>
  <bitmap id="studio.button.pressed.left" file="images/window/windows-elements.png" x="67" y="138" h="25" w="3" gammagroup="greybuttons"/>
  <bitmap id="studio.button.pressed.middle" file="images/window/windows-elements.png" x="70" y="138" h="25" w="25" gammagroup="greybuttons"/>
  <bitmap id="studio.button.pressed.right" file="images/window/windows-elements.png" x="95" y="138" h="25" w="3" gammagroup="greybuttons"/>
  <bitmap id="studio.button.pressed.lowerLeft" file="images/window/windows-elements.png" x="67" y="163" h="3" w="3" gammagroup="greybuttons"/>
  <bitmap id="studio.button.pressed.bottom" file="images/window/windows-elements.png" x="70" y="163" h="3" w="25" gammagroup="greybuttons"/>
  <bitmap id="studio.button.pressed.lowerRight" file="images/window/windows-elements.png" x="95" y="163 " h="3" w="3" gammagroup="greybuttons"/>

<!-- Component status bar -->
  <bitmap id="studio.statusbar.left" file="images/window/windows-elements.png" x="160" y="93" h="18" w="1" gammagroup="display"/>
  <bitmap id="studio.statusbar.middle" file="images/window/windows-elements.png" x="161" y="93" h="18" w="10" gammagroup="display"/>
  <bitmap id="studio.statusbar.right" file="images/window/windows-elements.png" x="197" y="93" h="18" w="11" gammagroup="display"/>

<!-- Standard Configuration Widgets -->
  <bitmap id="wasabi.button.checkbox" file="images/window/windows-elements.png" x="79" y="77" h="7" w="7" gammagroup="display"/>
  <bitmap id="wasabi.button.checkbox.pressed" file="images/window/windows-elements.png" x="58" y="77" h="7" w="7" gammagroup="display"/>

  <bitmap id="wasabi.button.checkbox.xbox" file="images/window/windows-elements.png" x="79" y="77" h="7" w="7" gammagroup="display"/>
  <bitmap id="wasabi.button.checkbox.xbox.pressed" file="images/window/windows-elements.png" x="65" y="77" h="7" w="7" gammagroup="display"/>

  <bitmap id="wasabi.button.radio.background" file="images/window/windows-elements.png" x="58" y="66" h="11" w="11" gammagroup="display"/>
  <bitmap id="wasabi.button.radio.background.display" file="images/window/windows-elements.png" x="69" y="66" h="9" w="9" gammagroup="display"/>
  <bitmap id="wasabi.button.radio" file="images/window/windows-elements.png" x="89" y="77" h="7" w="7" gammagroup="display"/>
  <bitmap id="wasabi.button.radio.pressed" file="images/window/windows-elements.png" x="72" y="77" h="7" w="7" gammagroup="display"/>	

<!-- Title objects -->
  <bitmap id="wasabi.titlebar.left.active" file="images/window/windows-elements.png" x="106" y="118" h="9" w="7" gammagroup="plastic"/>
  <bitmap id="wasabi.titlebar.center.active" file="images/window/windows-elements.png" x="114" y="118" h="9" w="7" gammagroup="plastic"/>
  <bitmap id="wasabi.titlebar.right.active" file="images/window/windows-elements.png" x="122" y="118" h="9" w="7" gammagroup="plastic"/>
  <bitmap id="wasabi.titlebar.left.inactive" file="images/window/windows-elements.png" x="106" y="127" h="9" w="7" gammagroup="plastic"/>
  <bitmap id="wasabi.titlebar.center.inactive" file="images/window/windows-elements.png" x="114" y="127" h="9" w="7" gammagroup="plastic"/>
  <bitmap id="wasabi.titlebar.right.inactive" file="images/window/windows-elements.png" x="122" y="127" h="9" w="7" gammagroup="plastic"/>

<!-- Window Controls -->

  <bitmap id="wasabi.button.sysmenu" file="images/window/windows-elements.png" x="37" y="0" h="8" w="8" gammagroup="display"/>
  <bitmap id="wasabi.button.sysmenu.pressed" file="images/window/windows-elements.png" x="45" y="0" h="8" w="8" gammagroup="display"/>
  <bitmap id="wasabi.button.minimize" file="images/window/windows-elements.png" x="146" y="56" h="9" w="14" gammagroup="display"/>
  <bitmap id="wasabi.button.minimize.pressed" file="images/window/windows-elements.png" x="146" y="65" h="9" w="14" gammagroup="display"/>
  <bitmap id="wasabi.button.winshade" file="images/window/windows-elements.png" x="132" y="56" h="9" w="14" gammagroup="display"/>
  <bitmap id="wasabi.button.winshade.pressed" file="images/window/windows-elements.png" x="132" y="65" h="9" w="14" gammagroup="display"/>
  <bitmap id="wasabi.button.close" file="images/window/windows-elements.png" x="53" y="0" h="8" w="8" gammagroup="display"/>
  <bitmap id="wasabi.button.close.pressed" file="images/window/windows-elements.png" x="61" y="0" h="8" w="8" gammagroup="display"/>
  <bitmap id="wasabi.button.exit" file="images/window/windows-elements.png" x="160" y="56" h="9" w="10" gammagroup="display"/>
  <bitmap id="wasabi.button.exit.pressed" file="images/window/windows-elements.png" x="160" y="65" h="9" w="10" gammagroup="display"/>

<!-- Panel Bevels -->

  <bitmap id="wasabi.panel.top.left" file="images/window/windows-elements.png" x="19" y="114" h="2" w="2" gammagroup="plastic"/>
  <bitmap id="wasabi.panel.top" file="images/window/windows-elements.png" x="21" y="114" h="2" w="16" gammagroup="plastic"/>
  <bitmap id="wasabi.panel.top.right" file="images/window/windows-elements.png" x="37" y="114" h="2" w="2" gammagroup="plastic"/>
  <bitmap id="wasabi.panel.left" file="images/window/windows-elements.png" x="19" y="116" h="16" w="2" gammagroup="plastic"/>
  <bitmap id="wasabi.panel.right" file="images/window/windows-elements.png" x="37" y="116" h="16" w="2" gammagroup="plastic"/>
  <bitmap id="wasabi.panel.bottom.left" file="images/window/windows-elements.png" x="19" y="132" h="2" w="2" gammagroup="plastic"/>
  <bitmap id="wasabi.panel.bottom" file="images/window/windows-elements.png" x="21" y="132" h="2" w="16" gammagroup="plastic"/>
  <bitmap id="wasabi.panel.bottom.right" file="images/window/windows-elements.png" x="37" y="132" h="2" w="2" gammagroup="plastic"/>
  <!--bitmap id="wasabi.panel.tint" file="images/window/windows-background-secondary.png" gammagroup="plastic" /-->

<!-- Object Frame-->

  <bitmap id="wasabi.objectframe.top.left" file="images/window/windows-elements.png" x="0" y="114" h="1" w="1" gammagroup="plastic"/>
  <bitmap id="wasabi.objectframe.top" file="images/window/windows-elements.png" x="1" y="114" h="1" w="17" gammagroup="plastic"/>
  <bitmap id="wasabi.objectframe.top.right" file="images/window/windows-elements.png" x="18" y="114" h="1" w="1" gammagroup="plastic"/>
  <bitmap id="wasabi.objectframe.left" file="images/window/windows-elements.png" x="0" y="115" h="17" w="1" gammagroup="plastic"/>
  <bitmap id="wasabi.objectframe.center" file="images/window/windows-elements.png" x="1" y="115" h="17" w="17" gammagroup="plastic"/>
  <bitmap id="wasabi.objectframe.right" file="images/window/windows-elements.png" x="18" y="115" h="17" w="1" gammagroup="plastic"/>
  <bitmap id="wasabi.objectframe.bottom.left" file="images/window/windows-elements.png" x="0" y="132" h="1" w="1" gammagroup="plastic"/>
  <bitmap id="wasabi.objectframe.bottom" file="images/window/windows-elements.png" x="1" y="132" h="1" w="17" gammagroup="plastic"/>
  <bitmap id="wasabi.objectframe.bottom.right" file="images/window/windows-elements.png" x="18" y="132" h="1" w="1" gammagroup="plastic"/>

<!-- Combo Box List-->

  <bitmap id="wasabi.dropdownlist.list.top.left" file="images/window/windows-elements.png" x="40" y="124" h="1" w="1"/>
  <bitmap id="wasabi.dropdownlist.list.top" file="images/window/windows-elements.png" x="41" y="124" h="1" w="10"/>
  <bitmap id="wasabi.dropdownlist.list.top.right" file="images/window/windows-elements.png" x="51" y="124" h="1" w="1"/>
  <bitmap id="wasabi.dropdownlist.list.left" file="images/window/windows-elements.png" x="40" y="125" h="8" w="1"/>
  <bitmap id="wasabi.dropdownlist.list.center" file="images/window/windows-elements.png" x="41" y="125" h="8" w="10" gammagroup="display"/>
  <bitmap id="wasabi.dropdownlist.list.right" file="images/window/windows-elements.png" x="51" y="125" h="8" w="1"/>
  <bitmap id="wasabi.dropdownlist.list.bottom.left" file="images/window/windows-elements.png" x="40" y="133" h="1" w="1"/>
  <bitmap id="wasabi.dropdownlist.list.bottom" file="images/window/windows-elements.png" x="41" y="133" h="1" w="10"/>
  <bitmap id="wasabi.dropdownlist.list.bottom.right" file="images/window/windows-elements.png" x="51" y="133" h="1" w="1"/>

<!-- Embedded Window -->

  <bitmap id="wasabi.window.top.left" file="images/window/windows-elements.png" x="0" y="114" h="1" w="1" gammagroup="plastic"/>
  <bitmap id="wasabi.window.top" file="images/window/windows-elements.png" x="1" y="114" h="1" w="17" gammagroup="plastic"/>
  <bitmap id="wasabi.window.top.right" file="images/window/windows-elements.png" x="18" y="114" h="1" w="1" gammagroup="plastic"/>
  <bitmap id="wasabi.window.left" file="images/window/windows-elements.png" x="0" y="115" h="17" w="1" gammagroup="plastic"/>
  <bitmap id="wasabi.window.center" file="images/window/windows-elements.png" x="1" y="115" h="17" w="17" gammagroup="plastic"/>
  <bitmap id="wasabi.window.right" file="images/window/windows-elements.png" x="18" y="115" h="17" w="1" gammagroup="plastic"/>
  <bitmap id="wasabi.window.bottom.left" file="images/window/windows-elements.png" x="0" y="132" h="1" w="1" gammagroup="plastic"/>
  <bitmap id="wasabi.window.bottom" file="images/window/windows-elements.png" x="1" y="132" h="1" w="17" gammagroup="plastic"/>
  <bitmap id="wasabi.window.bottom.right" file="images/window/windows-elements.png" x="18" y="132" h="1" w="1" gammagroup="plastic"/>

<!-- Generic Button -->

  <bitmap id="wasabi.button.label.arrow.up" file="images/window/windows-elements.png" x="137" y="75" h="4" w="7" gammagroup="display"/>
  <bitmap id="wasabi.button.label.arrow.down" file="images/window/windows-elements.png" x="137" y="86" h="4" w="7" gammagroup="display"/>
  <bitmap id="wasabi.button.label.arrow.left" file="images/window/windows-elements.png" x="133" y="79" h="7" w="4" gammagroup="display"/>
  <bitmap id="wasabi.button.label.arrow.right" file="images/window/windows-elements.png" x="144" y="79" h="7" w="4" gammagroup="display"/>
  <bitmap id="wasabi.button.label.ellipses" file="images/window/windows-elements.png" x="138" y="92" h="1" w="5" gammagroup="display"/>

  <bitmap id="wasabi.button.top.left" file="images/window/windows-elements.png" x="0" y="134" h="4" w="4" gammagroup="greybuttons"/>
  <bitmap id="wasabi.button.top" file="images/window/windows-elements.png" x="4" y="134" h="4" w="25" gammagroup="greybuttons"/>
  <bitmap id="wasabi.button.top.right" file="images/window/windows-elements.png" x="29" y="134" h="4" w="4" gammagroup="greybuttons"/>
  <bitmap id="wasabi.button.left" file="images/window/windows-elements.png" x="0" y="138" h="25" w="4" gammagroup="greybuttons"/>
  <bitmap id="wasabi.button.center" file="images/window/windows-elements.png" x="4" y="138" h="25" w="25" gammagroup="greybuttons"/>
  <bitmap id="wasabi.button.right" file="images/window/windows-elements.png" x="29" y="138" h="25" w="4" gammagroup="greybuttons"/>
  <bitmap id="wasabi.button.bottom.left" file="images/window/windows-elements.png" x="0" y="163" h="4" w="4" gammagroup="greybuttons"/>
  <bitmap id="wasabi.button.bottom" file="images/window/windows-elements.png" x="4" y="163" h="4" w="25" gammagroup="greybuttons"/>
  <bitmap id="wasabi.button.bottom.right" file="images/window/windows-elements.png" x="29" y="163" h="4" w="4" gammagroup="greybuttons"/>

  <bitmap id="wasabi.button.hover.top.left" file="images/window/windows-elements.png" x="33" y="134" h="4" w="4" gammagroup="greybuttons"/>
  <bitmap id="wasabi.button.hover.top" file="images/window/windows-elements.png" x="37" y="134" h="4" w="25" gammagroup="greybuttons"/>
  <bitmap id="wasabi.button.hover.top.right" file="images/window/windows-elements.png" x="62" y="134" h="4" w="4" gammagroup="greybuttons"/>
  <bitmap id="wasabi.button.hover.left" file="images/window/windows-elements.png" x="33" y="138" h="25" w="4" gammagroup="greybuttons"/>
  <bitmap id="wasabi.button.hover.center" file="images/window/windows-elements.png" x="37" y="138" h="25" w="25" gammagroup="greybuttons"/>
  <bitmap id="wasabi.button.hover.right" file="images/window/windows-elements.png" x="62" y="138" h="25" w="4" gammagroup="greybuttons"/>
  <bitmap id="wasabi.button.hover.bottom.left" file="images/window/windows-elements.png" x="33" y="163" h="4" w="4" gammagroup="greybuttons"/>
  <bitmap id="wasabi.button.hover.bottom" file="images/window/windows-elements.png" x="37" y="163" h="4" w="25" gammagroup="greybuttons"/>
  <bitmap id="wasabi.button.hover.bottom.right" file="images/window/windows-elements.png" x="62" y="163" h="4" w="4" gammagroup="greybuttons"/>

  <bitmap id="wasabi.button.pressed.top.left" file="images/window/windows-elements.png" x="66" y="134" h="4" w="4" gammagroup="greybuttons"/>
  <bitmap id="wasabi.button.pressed.top" file="images/window/windows-elements.png" x="70" y="134" h="4" w="25" gammagroup="greybuttons"/>
  <bitmap id="wasabi.button.pressed.top.right" file="images/window/windows-elements.png" x="95" y="134" h="4" w="4" gammagroup="greybuttons"/>
  <bitmap id="wasabi.button.pressed.left" file="images/window/windows-elements.png" x="66" y="138" h="25" w="4" gammagroup="greybuttons"/>
  <bitmap id="wasabi.button.pressed.center" file="images/window/windows-elements.png" x="70" y="138" h="25" w="25" gammagroup="greybuttons"/>
  <bitmap id="wasabi.button.pressed.right" file="images/window/windows-elements.png" x="95" y="138" h="25" w="4" gammagroup="greybuttons"/>
  <bitmap id="wasabi.button.pressed.bottom.left" file="images/window/windows-elements.png" x="66" y="163" h="4" w="4" gammagroup="greybuttons"/>
  <bitmap id="wasabi.button.pressed.bottom" file="images/window/windows-elements.png" x="70" y="163" h="4" w="25" gammagroup="greybuttons"/>
  <bitmap id="wasabi.button.pressed.bottom.right" file="images/window/windows-elements.png" x="95" y="163" h="4" w="4" gammagroup="greybuttons"/>

<!-- Generic Sliders -->

  <bitmap id="wasabi.slider.horizontal.left" file="images/window/windows-elements.png" x="106" y="149" h="8" w="8" gammagroup="display"/>
  <bitmap id="wasabi.slider.horizontal.middle" file="images/window/windows-elements.png" x="115" y="149" h="8" w="10" gammagroup="display"/>
  <bitmap id="wasabi.slider.horizontal.right" file="images/window/windows-elements.png" x="126" y="149" h="8" w="8" gammagroup="display"/>

  <bitmap id="wasabi.slider.vertical.top" file="images/window/windows-elements.png" x="138" y="136" h="8" w="8" gammagroup="display"/>
  <bitmap id="wasabi.slider.vertical.middle" file="images/window/windows-elements.png" x="138" y="145" h="10" w="8" gammagroup="display"/>
  <bitmap id="wasabi.slider.vertical.bottom" file="images/window/windows-elements.png" x="138" y="156" h="8" w="8" gammagroup="display"/>

  <bitmap id="wasabi.slider.horizontal.button" file="images/window/windows-elements.png" x="106" y="136" h="13" w="15" gammagroup="greybuttons"/>
  <bitmap id="wasabi.slider.horizontal.button.pressed" file="images/window/windows-elements.png" x="121" y="136" h="13" w="15" gammagroup="greybuttons"/>

  <bitmap id="wasabi.slider.vertical.button" file="images/window/windows-elements.png" x="106" y="157" h="12" w="16" gammagroup="greybuttons"/>
  <bitmap id="wasabi.slider.vertical.button.pressed" file="images/window/windows-elements.png" x="122" y="157" h="12" w="16" gammagroup="greybuttons"/>

<!-- Generic Group Box -->

  <bitmap id="wasabi.groupbox.top.left" file="images/window/windows-elements.png" x="116" y="13" h="3" w="3" gammagroup="display"/>
  <bitmap id="wasabi.groupbox.top" file="images/window/windows-elements.png" x="120" y="13" h="3" w="8" gammagroup="display"/>
  <bitmap id="wasabi.groupbox.top.right" file="images/window/windows-elements.png" x="129" y="13" h="3" w="3" gammagroup="display"/>

  <bitmap id="wasabi.groupbox.left" file="images/window/windows-elements.png" x="116" y="17" h="8" w="3" gammagroup="display"/>
  <bitmap id="wasabi.groupbox.right" file="images/window/windows-elements.png" x="129" y="17" h="8" w="3" gammagroup="display"/>

  <bitmap id="wasabi.groupbox.bottom.left" file="images/window/windows-elements.png" x="116" y="26" h="3" w="3" gammagroup="display"/>
  <bitmap id="wasabi.groupbox.bottom" file="images/window/windows-elements.png" x="120" y="26" h="3" w="8" gammagroup="display"/>
  <bitmap id="wasabi.groupbox.bottom.right" file="images/window/windows-elements.png" x="129" y="26" h="3" w="3" gammagroup="display"/>

<!-- TabSheet -->
  <!--bitmap id="wasabi.tabsheet.button.left" file="images/window/windows-tabs.png" x="0" y="0" w="3" h="25" gammagroup="display"/>
  <bitmap id="wasabi.tabsheet.button.middle" file="images/window/windows-tabs.png" x="3" y="0" w="60" h="25" gammagroup="display"/>
  <bitmap id="wasabi.tabsheet.button.right" file="images/window/windows-tabs.png" x="63" y="0" w="3" h="25" gammagroup="display"/>

  <bitmap id="wasabi.tabsheet.button.bottom" file="images/window/windows-tabs.png" x="0" y="46" w="66" h="2" gammagroup="display"/>

  <bitmap id="wasabi.tabsheet.button.shade.left" file="images/window/windows-tabs.png" x="0" y="26" w="3" h="20" gammagroup="display"/>
  <bitmap id="wasabi.tabsheet.button.shade.middle" file="images/window/windows-tabs.png" x="3" y="26" w="60" h="20" gammagroup="display"/>
  <bitmap id="wasabi.tabsheet.button.shade.right" file="images/window/windows-tabs.png" x="72" y="26" w="3" h="20" gammagroup="display" /-->

<!-- Playlist Editor -->
  <!--bitmap id="pledit.dropind" file="images/window/windows-drop_indicator.png" gammagroup="display" /-->

<!-- WA5 Elements -->
	<bitmap id="wasabi.scrollbar.vertical.grip" file="" x="180" y="154" h="18" w="8" gammagroup="goldbuttons"/>
	<bitmap id="wasabi.scrollbar.vertical.grip.pressed" file="" x="180" y="154" h="18" w="8" gammagroup="goldbuttons"/>
	<bitmap id="wasabi.scrollbar.horizontal.grip" file="" x="180" y="173" h="8" w="18" gammagroup="goldbuttons"/> 