<elements>

	<!-- NONE / NULL images -->
  <!--bitmap id="none" file="images/window/windows-background-main.png" x="0" y="0" h="10" w="10" gammagroup="none" /--> <!-- Pink (visual help) -->
  <bitmap id="none" file="images/window/windows-background-main.png" x="162" y="0" h="10" w="10" gammagroup="none"/> <!-- transparent -->
  
  <!-- stuff -->
  
  <!--bitmap id="visgrid2" file="images/a_grid2.png" x="0" y="0" w="144" h="16"/-->
	
	<!-- cursors -->
	
  <cursor id="cur.close" bitmap="..\WinampXP\cursors\normal.png" hotspot_x="0" hotspot_y="0"/>
  <cursor id="cur.move" bitmap="..\WinampXP\cursors\normal.png" hotspot_x="0" hotspot_y="0"/>
  <cursor id="cur.normal" bitmap="..\WinampXP\cursors\normal.png" hotspot_x="0" hotspot_y="0"/>
  <cursor id="cur.posbar" bitmap="..\WinampXP\cursors\posbar.png" hotspot_x="10" hotspot_y="4"/>
  <cursor id="cur.resbottomright" bitmap="..\WinampXP\cursors\resbottomright.png" hotspot_x="7" hotspot_y="7"/>
  <cursor id="cur.resbottomleft" bitmap="..\WinampXP\cursors\resbottomleft.png" hotspot_x="7" hotspot_y="7"/>
  <cursor id="cur.restopright" bitmap="..\WinampXP\cursors\resbottomleft.png" hotspot_x="7" hotspot_y="7"/>
  <cursor id="cur.restopleft" bitmap="..\WinampXP\cursors\resbottomright.png" hotspot_x="7" hotspot_y="7"/>
  <cursor id="cur.resvert" bitmap="..\WinampXP\cursors\resvert.png" hotspot_x="4" hotspot_y="10"/>

	
	<!-- fonts -->

  <truetypefont id="sarpanch" file="..\WinampXP\fonts\tahoma.ttf" allowmapping="1"/>
  <truetypefont id="numbers" file="..\WinampXP\fonts\tahoma.ttf" allowmapping="1"/>

  <truetypefont id="tahoma" file="..\WinampXP\fonts\tahoma.ttf" allowmapping="1"/>
  <truetypefont id="tahomabd" file="..\WinampXP\fonts\tahomabd.ttf" allowmapping="1"/>
  <truetypefont id="trebuchet" file="..\WinampXP\fonts\trebuc.ttf" allowmapping="1"/>
  <truetypefont id="trebuchetbd" file="..\WinampXP\fonts\trebucbd.ttf" allowmapping="1"/>

	
	<!-- player-normal -->
	
  <bitmap id="wmpvoid" file="images/void.png" x="0" y="0" w="178" h="86"/>
	
  <bitmap id="songtitle.l" file="images/songtitle.png" x="0" y="0" w="68" h="25" gammagroup="titlebarstripes"/>
  <bitmap id="songtitle.m" file="images/songtitle.png" x="69" y="0" w="3" h="25" gammagroup="titlebarstripes"/>
  <bitmap id="songtitle.r" file="images/songtitle.png" x="73" y="0" w="4" h="25" gammagroup="titlebarstripes"/>

  <bitmap id="links.normal" file="images/window/windows-background-main.png" x="323" y="365" w="15" h="30" gammagroup="titlebarstripes"/>
  <bitmap id="links.hover" file="images/window/windows-background-main.png" x="339" y="365" w="15" h="30" gammagroup="titlebarstripes"/>
  <bitmap id="links.down" file="images/window/windows-background-main.png" x="355" y="365" w="15" h="30" gammagroup="titlebarstripes"/>
  
  <bitmap id="titlebar.stripes.left" file="images/player-main.png" x="28" y="0" w="29" h="28" gammagroup="titlebarstripes"/>
  <bitmap id="titlebar.stripes.center" file="images/player-main.png" x="58" y="0" w="73" h="28" gammagroup="titlebarstripes"/>
  <bitmap id="titlebar.stripes.right" file="images/player-main.png" x="132" y="0" w="29" h="28" gammagroup="titlebarstripes"/>

  <bitmap id="titlebar.wacup.txt" file="images/player-main.png" x="234" y="29" w="95" h="28" gammagroup="txtlabels"/>
  <bitmap id="titlebar.winamp.txt" file="images/player-main.png" x="234" y="0" w="95" h="28" gammagroup="txtlabels"/>

  <bitmap id="player.normal.bg.left" file="images/player-main.png" x="0" y="270" w="267" h="242" gammagroup="plastic"/>
  <bitmap id="player.normal.bg.center" file="images/player-main.png" x="267" y="270" w="10" h="242" gammagroup="plastic"/>
  <bitmap id="player.normal.bg.right" file="images/player-main.png" x="277" y="270" w="271" h="242" gammagroup="plastic"/>
  
  <bitmap id="player.normal.bg.left.active" file="images/player-main-active.png" x="0" y="0" w="267" h="242" gammagroup="plastic"/>
  <bitmap id="player.normal.bg.center.active" file="images/player-main-active.png" x="267" y="0" w="10" h="242" gammagroup="plastic"/>
  <bitmap id="player.normal.bg.right.active" file="images/player-main-active.png" x="277" y="0" w="271" h="242" gammagroup="plastic"/>
  
  <bitmap id="player.normal.bg.left.inactive" file="images/player-main-inactive.png" x="0" y="0" w="267" h="242" gammagroup="plastic"/>
  <bitmap id="player.normal.bg.center.inactive" file="images/player-main-inactive.png" x="267" y="0" w="10" h="242" gammagroup="plastic"/>
  <bitmap id="player.normal.bg.right.inactive" file="images/player-main-inactive.png" x="277" y="0" w="271" h="242" gammagroup="plastic"/>

  <bitmap id="player.normal.bg.left.aboff" file="images/player-main.png" x="0" y="270" w="10" h="242" gammagroup="plastic"/>
  <bitmap id="player.normal.bg.mid.aboff" file="images/player-main.png" x="10" y="270" w="80" h="242" gammagroup="plastic"/>
  <bitmap id="player.normal.bg.right.aboff" file="images/player-main.png" x="538" y="270" w="10" h="242" gammagroup="plastic"/>

  <bitmap id="player.bg.vol" file="images/player-main.png" x="217" y="170" w="129" h="16" gammagroup="plastic"/>
  <!--bitmap id="player.animation.volume" file="images/volume.png" gammagroup="multicolorbars"/-->
  <bitmap id="player.bg.balance" file="images/player-main.png" x="353" y="170" w="80" h="16" gammagroup="plastic"/>
  <!--bitmap id="player.animation.balance" file="images/balance.png" gammagroup="multicolorbars"/-->
  
  <bitmap id="player.seeker.slider.shadow" file="images/player-main.png" x="295" y="514" w="62" h="34" gammagroup="plastic"/>
  <bitmap id="player.seeker.slider.n" file="images/player-main.png" x="1" y="514" w="11" h="22" gammagroup="goldbuttons"/>
  <bitmap id="player.seeker.slider.h" file="images/player-main.png" x="12" y="514" w="11" h="22" gammagroup="goldbuttons"/>
  <bitmap id="player.seeker.slider.d" file="images/player-main.png" x="23" y="514" w="11" h="22" gammagroup="goldbuttons"/>
  
  <bitmap id="thumb.volpan.slider.shadow" file="images/player-main.png" x="205" y="242" w="11" h="26" gammagroup="plastic"/>
  
  <bitmap id="thumb.volpan.slider.n" file="images/player-main.png" x="205" y="215" w="11" h="26" gammagroup="greybuttons"/>
  <bitmap id="thumb.volpan.slider.h" file="images/player-main.png" x="238" y="215" w="11" h="26" gammagroup="greybuttons"/>
  <bitmap id="thumb.volpan.slider.d" file="images/player-main.png" x="271" y="215" w="11" h="26" gammagroup="greybuttons"/>

  <bitmap id="player.button.mainmenu" file="images/player-main.png" x="2" y="0" w="26" h="28" gammagroup="goldbuttons"/>
  <bitmap id="player.button.mainmenu.h" file="images/player-main.png" x="2" y="29" w="26" h="28" gammagroup="goldbuttons"/>
  <bitmap id="player.button.mainmenu.d" file="images/player-main.png" x="2" y="58" w="26" h="28" gammagroup="goldbuttons"/>

  <bitmap id="player.button.mainmenu.winamp" file="images/player-main.png" x="29" y="29" w="26" h="28" gammagroup="goldbuttons"/>
  <bitmap id="player.button.mainmenu.winamp.h" file="images/player-main.png" x="56" y="29" w="26" h="28" gammagroup="goldbuttons"/>
  <bitmap id="player.button.mainmenu.winamp.d" file="images/player-main.png" x="83" y="29" w="26" h="28" gammagroup="goldbuttons"/>

  <bitmap id="player.button.transparent" file="images/player-main.png" x="110" y="29" w="21" h="21" gammagroup="goldbuttons"/>

  <bitmap id="player.button.minimize.inactive" file="images/player-main.png" x="480" y="0" w="21" h="21" gammagroup="goldbuttons"/>
  <bitmap id="player.button.minimize" file="images/player-main.png" x="480" y="22" w="21" h="21" gammagroup="goldbuttons"/>
  <bitmap id="player.button.minimize.h" file="images/player-main.png" x="480" y="44" w="21" h="21" gammagroup="goldbuttons"/>
  <bitmap id="player.button.minimize.d" file="images/player-main.png" x="480" y="66" w="21" h="21" gammagroup="goldbuttons"/>

  <bitmap id="player.button.switch.inactive" file="images/player-main.png" x="502" y="0" w="21" h="21" gammagroup="goldbuttons"/>
  <bitmap id="player.button.switch" file="images/player-main.png" x="502" y="22" w="21" h="21" gammagroup="goldbuttons"/>
  <bitmap id="player.button.switch.h" file="images/player-main.png" x="502" y="44" w="21" h="21" gammagroup="goldbuttons"/>
  <bitmap id="player.button.switch.d" file="images/player-main.png" x="502" y="66" w="21" h="21" gammagroup="goldbuttons"/>

  <bitmap id="player.button.switch.disabled" file="images/player-main.png" x="29" y="58" w="21" h="21" gammagroup="goldbuttons"/>
  <bitmap id="player.button.switch.disabled.inactive" file="images/player-main.png" x="51" y="58" w="21" h="21" gammagroup="goldbuttons"/>
  
  <bitmap id="player.button.close.inactive" file="images/player-main.png" x="524" y="0" w="21" h="21" gammagroup="goldbuttons"/>
  <bitmap id="player.button.close" file="images/player-main.png" x="524" y="22" w="21" h="21" gammagroup="goldbuttons"/>
  <bitmap id="player.button.close.h" file="images/player-main.png" x="524" y="44" w="21" h="21" gammagroup="goldbuttons"/>
  <bitmap id="player.button.close.d" file="images/player-main.png" x="524" y="66" w="21" h="21" gammagroup="goldbuttons"/>

  <bitmap id="player.button.previous.n" file="images/player-main.png" x="23" y="560" w="45" h="48" gammagroup="greybuttons"/>
  <bitmap id="player.button.previous.h" file="images/player-main.png" x="23" y="609" w="45" h="48" gammagroup="greybuttons"/>
  <bitmap id="player.button.previous.d" file="images/player-main.png" x="23" y="658" w="45" h="48" gammagroup="greybuttons"/>
  <bitmap id="player.button.play.n" file="images/player-main.png" x="68" y="560" w="41" h="48" gammagroup="greybuttons"/>
  <bitmap id="player.button.play.h" file="images/player-main.png" x="68" y="609" w="41" h="48" gammagroup="greybuttons"/>
  <bitmap id="player.button.play.d" file="images/player-main.png" x="68" y="658" w="41" h="48" gammagroup="greybuttons"/>
  <bitmap id="player.button.pause.n" file="images/player-main.png" x="109" y="560" w="41" h="48" gammagroup="greybuttons"/>
  <bitmap id="player.button.pause.h" file="images/player-main.png" x="109" y="609" w="41" h="48" gammagroup="greybuttons"/>
  <bitmap id="player.button.pause.d" file="images/player-main.png" x="109" y="658" w="41" h="48" gammagroup="greybuttons"/>

  <bitmap id="button.stop.n" file="images/player-main.png" x="150" y="560" w="41" h="48" gammagroup="greybuttons"/>
  <bitmap id="button.stop.h" file="images/player-main.png" x="150" y="609" w="41" h="48" gammagroup="greybuttons"/>
  <bitmap id="button.stop.d" file="images/player-main.png" x="150" y="658" w="41" h="48" gammagroup="greybuttons"/>
  <bitmap id="button.stop.ac.n" file="images/player-main.png" x="164" y="756" w="41" h="48" gammagroup="greybuttons"/>
  <bitmap id="button.stop.ac.h" file="images/player-main.png" x="206" y="756" w="41" h="48" gammagroup="greybuttons"/>
  <bitmap id="button.stop.ac.d" file="images/player-main.png" x="248" y="756" w="41" h="48" gammagroup="greybuttons"/>

  <bitmap id="player.button.next.n" file="images/player-main.png" x="191" y="560" w="45" h="48" gammagroup="greybuttons"/>
  <bitmap id="player.button.next.h" file="images/player-main.png" x="191" y="609" w="45" h="48" gammagroup="greybuttons"/>
  <bitmap id="player.button.next.d" file="images/player-main.png" x="191" y="658" w="45" h="48" gammagroup="greybuttons"/>

  <bitmap id="player.button.eject.bg" file="images/player-main.png" x="240" y="514" w="54" h="45" gammagroup="plastic"/>
  <bitmap id="player.button.eject.n" file="images/player-main.png" x="239" y="560" w="56" h="48" gammagroup="greybuttons"/>
  <bitmap id="player.button.eject.h" file="images/player-main.png" x="239" y="609" w="56" h="48" gammagroup="greybuttons"/>
  <bitmap id="player.button.eject.d" file="images/player-main.png" x="239" y="658" w="56" h="48" gammagroup="greybuttons"/>

  <bitmap id="player.normal.button.eqplshadow" file="images/player-main.png" x="358" y="514" w="44" h="32" gammagroup="plastic"/>
  
  <bitmap id="player.normal.button.eq" file="images/player-main.png" x="439" y="170" w="44" h="32" gammagroup="greybuttons"/>
  <bitmap id="player.h.button.eq" file="images/player-main.png" x="439" y="203" w="44" h="32" gammagroup="greybuttons"/>
  <bitmap id="player.normal.button.eq.down" file="images/player-main.png" x="439" y="236" w="44" h="32" gammagroup="greybuttons"/>
  
  <bitmap id="button.eqpl.light.1.1" file="images/player-main.png" x="304" y="187" w="44" h="32" gammagroup="ledcolor"/> <!-- normal -->
  <bitmap id="button.eqpl.light.1.0" file="images/player-main.png" x="304" y="220" w="44" h="32" gammagroup="greybuttons"/> <!-- normal off -->
  <bitmap id="button.eqpl.light.2.1" file="images/player-main.png" x="349" y="187" w="44" h="32" gammagroup="ledcolor"/> <!-- hover -->
  <bitmap id="button.eqpl.light.2.0" file="images/player-main.png" x="349" y="220" w="44" h="32" gammagroup="greybuttons"/> <!-- hover off -->
  <bitmap id="button.eqpl.light.3.1" file="images/player-main.png" x="394" y="187" w="44" h="32" gammagroup="ledcolor"/> <!-- down -->
  <bitmap id="button.eqpl.light.3.0" file="images/player-main.png" x="394" y="220" w="44" h="32" gammagroup="greybuttons"/> <!-- down off -->
  
  <bitmap id="player.normal.button.pl" file="images/player-main.png" x="485" y="170" w="44" h="32" gammagroup="greybuttons"/>
  <bitmap id="player.h.button.pl" file="images/player-main.png" x="485" y="203" w="44" h="32" gammagroup="greybuttons"/>
  <bitmap id="player.normal.button.pl.down" file="images/player-main.png" x="485" y="236" w="44" h="32" gammagroup="greybuttons"/>
  
  <bitmap id="about.bg" file="images/player-main.png" x="477" y="514" w="60" h="44" gammagroup="plastic"/>
  <bitmap id="button.about.n" file="images/player-main.png" x="485" y="560" w="52" h="47" gammagroup="greybuttonsbolt"/>
  <bitmap id="button.about.h" file="images/player-main.png" x="485" y="609" w="52" h="47" gammagroup="greybuttonsbolt"/>
  <bitmap id="button.about.d" file="images/player-main.png" x="485" y="658" w="52" h="47" gammagroup="greybuttonsbolt"/>
  
  <bitmap id="about.wacup.bg" file="images/player-main.png" x="28" y="707" w="60" h="44" gammagroup="plastic"/>
  <bitmap id="button.about.wacup.n" file="images/player-main.png" x="89" y="707" w="52" h="47" gammagroup="greybuttons"/>
  <bitmap id="button.about.wacup.h" file="images/player-main.png" x="150" y="707" w="52" h="47" gammagroup="greybuttons"/>
  <bitmap id="button.about.wacup.d" file="images/player-main.png" x="211" y="707" w="52" h="47" gammagroup="greybuttons"/>


  <bitmap id="shuffle.n.1" file="images/player-main.png" x="295" y="560" w="119" h="48" gammagroup="greybuttons"/>
  <bitmap id="shuffle.n.0" file="images/player-main.png" x="295" y="560" w="119" h="48" gammagroup="greybuttons"/>
  <bitmap id="shuffle.h.1" file="images/player-main.png" x="295" y="609" w="119" h="48" gammagroup="greybuttons"/>
  <bitmap id="shuffle.h.0" file="images/player-main.png" x="295" y="609" w="119" h="48" gammagroup="greybuttons"/>
  <bitmap id="shuffle.d.1" file="images/player-main.png" x="295" y="658" w="119" h="48" gammagroup="greybuttons"/>
  <bitmap id="shuffle.d.0" file="images/player-main.png" x="295" y="658" w="119" h="48" gammagroup="greybuttons"/>


  <bitmap id="repeat.n.0" file="images/player-main.png" x="414" y="560" w="70" h="48" gammagroup="greybuttons"/>
  <bitmap id="repeat.h.0" file="images/player-main.png" x="414" y="609" w="70" h="48" gammagroup="greybuttons"/>
  <bitmap id="repeat.d.0" file="images/player-main.png" x="414" y="658" w="70" h="48" gammagroup="greybuttons"/>

  <bitmap id="repeat.n.1" file="images/player-main.png" x="414" y="560" w="70" h="48" gammagroup="greybuttons"/>
  <bitmap id="repeat.h.1" file="images/player-main.png" x="414" y="609" w="70" h="48" gammagroup="greybuttons"/>
  <bitmap id="repeat.d.1" file="images/player-main.png" x="414" y="658" w="70" h="48" gammagroup="greybuttons"/>
  
  <bitmap id="repeat.n.2" file="images/player-main.png" x="272" y="707" w="70" h="48" gammagroup="greybuttons"/>
  <bitmap id="repeat.h.2" file="images/player-main.png" x="343" y="707" w="70" h="48" gammagroup="greybuttons"/>
  <bitmap id="repeat.d.2" file="images/player-main.png" x="414" y="707" w="70" h="48" gammagroup="greybuttons"/>  


  <bitmap id="repeat.light.off" file="images/player-main.png" x="290" y="756" w="7" h="7" gammagroup="greybuttons"/>
  <bitmap id="repeat.light.on" file="images/player-main.png" x="339" y="756" w="7" h="7" gammagroup="ledcolor"/>
  <bitmap id="repeat.light.on.h" file="images/player-main.png" x="388" y="756" w="7" h="7" gammagroup="ledcolor"/>
  <bitmap id="repeat.light.on.d" file="images/player-main.png" x="437" y="756" w="7" h="7" gammagroup="ledcolor"/> 

  <bitmap id="player.normal.display.bg" file="images/player-main.png" x="26" y="86" w="170" h="78" gammagroup="display"/> 
  <bitmap id="display.vis.bg" file="images/player-main.png" x="38" y="165" w="158" h="78" gammagroup="display"/> 
  <bitmap id="hide.for.gordon" file="images/player-main.png" x="188" y="122" w="2" h="36" gammagroup="display"/> 
  <bitmap id="show.for.gordon" file="images/player-main.png" x="48" y="152" w="144" h="1" gammagroup="display"/>

  <bitmap id="OAIDU.buttons.O.n" file="images/player-main.png" x="26" y="171" w="12" h="14" gammagroup="display-text"/>
  <bitmap id="OAIDU.buttons.O.h" file="images/player-main.png" x="13" y="171" w="12" h="14" gammagroup="display-text"/>
  <bitmap id="OAIDU.buttons.O.d" file="images/player-main.png" x="26" y="171" w="12" h="14" gammagroup="display-text"/>
  
  <bitmap id="OAIDU.buttons.A.1." file="images/player-main.png" x="26" y="185" w="12" h="14" gammagroup="display-text"/>
  <bitmap id="OAIDU.buttons.A.1.0" file="images/player-main.png" x="26" y="185" w="12" h="14" gammagroup="display-text"/>
  <bitmap id="OAIDU.buttons.A.1.1" file="images/player-main.png" x="26" y="185" w="12" h="14" gammagroup="display-text"/>
  <bitmap id="OAIDU.buttons.A.2." file="images/player-main.png" x="13" y="185" w="12" h="14" gammagroup="display-text"/>
  <bitmap id="OAIDU.buttons.A.2.0" file="images/player-main.png" x="13" y="185" w="12" h="14" gammagroup="display-text"/>
  <bitmap id="OAIDU.buttons.A.2.1" file="images/player-main.png" x="13" y="185" w="12" h="14" gammagroup="display-text"/>
  <bitmap id="OAIDU.buttons.A.3." file="images/player-main.png" x="26" y="185" w="12" h="14" gammagroup="display-text"/>
  <bitmap id="OAIDU.buttons.A.3.1" file="images/player-main.png" x="26" y="185" w="12" h="14" gammagroup="display-text"/>
  <bitmap id="OAIDU.buttons.A.3.0" file="images/player-main.png" x="26" y="185" w="12" h="14" gammagroup="display-text"/>
  
  <bitmap id="OAIDU.buttons.I.n" file="images/player-main.png" x="26" y="199" w="12" h="14" gammagroup="display-text"/>
  <bitmap id="OAIDU.buttons.I.h" file="images/player-main.png" x="13" y="199" w="12" h="14" gammagroup="display-text"/>
  <bitmap id="OAIDU.buttons.D.n" file="images/player-main.png" x="26" y="213" w="12" h="14" gammagroup="display-text"/>
  <bitmap id="OAIDU.buttons.D.h" file="images/player-main.png" x="13" y="213" w="12" h="14" gammagroup="display-text"/>
  <bitmap id="OAIDU.buttons.U.n" file="images/player-main.png" x="26" y="227" w="12" h="14" gammagroup="display-text"/>
  <bitmap id="OAIDU.buttons.U.h" file="images/player-main.png" x="13" y="227" w="12" h="14" gammagroup="display-text"/>

  <bitmap id="OAIDU.buttons.O.n.dark" file="images/player-main.png" x="14" y="92" w="11" h="14" gammagroup="display-text"/>
  <bitmap id="OAIDU.buttons.O.h.dark" file="images/player-main.png" x="1" y="92" w="12" h="14" gammagroup="display-text"/>
  <bitmap id="OAIDU.buttons.O.d.dark" file="images/player-main.png" x="14" y="92" w="12" h="14" gammagroup="display-text"/>
  
  <bitmap id="OAIDU.buttons.A.dark.1." file="images/player-main.png" x="14" y="106" w="11" h="14" gammagroup="display-text"/>
  <bitmap id="OAIDU.buttons.A.dark.1.0" file="images/player-main.png" x="14" y="106" w="11" h="14" gammagroup="display-text"/>
  <bitmap id="OAIDU.buttons.A.dark.1.1" file="images/player-main.png" x="14" y="106" w="11" h="14" gammagroup="display-text"/>
  <bitmap id="OAIDU.buttons.A.dark.2." file="images/player-main.png" x="1" y="106" w="12" h="14" gammagroup="display-text"/>
  <bitmap id="OAIDU.buttons.A.dark.2.0" file="images/player-main.png" x="1" y="106" w="12" h="14" gammagroup="display-text"/>
  <bitmap id="OAIDU.buttons.A.dark.2.1" file="images/player-main.png" x="1" y="106" w="12" h="14" gammagroup="display-text"/>
  <bitmap id="OAIDU.buttons.A.dark.3." file="images/player-main.png" x="14" y="106" w="11" h="14" gammagroup="display-text"/>
  <bitmap id="OAIDU.buttons.A.dark.3.1" file="images/player-main.png" x="14" y="106" w="11" h="14" gammagroup="display-text"/>
  <bitmap id="OAIDU.buttons.A.dark.3.0" file="images/player-main.png" x="14" y="106" w="11" h="14" gammagroup="display-text"/>
  
  <bitmap id="OAIDU.buttons.I.n.dark" file="images/player-main.png" x="14" y="120" w="11" h="14" gammagroup="display-text"/>
  <bitmap id="OAIDU.buttons.I.h.dark" file="images/player-main.png" x="1" y="120" w="12" h="14" gammagroup="display-text"/>
  <bitmap id="OAIDU.buttons.D.n.dark" file="images/player-main.png" x="14" y="134" w="11" h="14" gammagroup="display-text"/>
  <bitmap id="OAIDU.buttons.D.h.dark" file="images/player-main.png" x="1" y="134" w="12" h="14" gammagroup="display-text"/>
  <bitmap id="OAIDU.buttons.U.n.dark" file="images/player-main.png" x="14" y="148" w="11" h="14" gammagroup="display-text"/>
  <bitmap id="OAIDU.buttons.U.h.dark" file="images/player-main.png" x="1" y="148" w="12" h="14" gammagroup="display-text"/>
  
  <bitmap id="player.songticker.bg.left" file="images/player-main.png" x="216" y="73" w="81" h="21" gammagroup="display"/> 
  <bitmap id="player.songticker.bg.middle" file="images/player-main.png" x="297" y="73" w="82" h="21" gammagroup="display"/> 
  <bitmap id="player.songticker.bg.right" file="images/player-main.png" x="379" y="73" w="81" h="21" gammagroup="display"/> 
  
  <bitmap id="songinfo.bg.left" file="images/player-main.png" x="216" y="95" w="12" h="25" gammagroup="plastic"/> 
  <bitmap id="songinfo.bg.middle" file="images/player-main.png" x="229" y="95" w="10" h="25" gammagroup="plastic"/> 
  <bitmap id="songinfo.bg.right" file="images/player-main.png" x="240" y="95" w="12" h="25" gammagroup="plastic"/> 

  <bitmap id="songinfo.display.left" file="images/player-main.png" x="253" y="95" w="12" h="25" gammagroup="display"/> 
  <bitmap id="songinfo.display.middle" file="images/player-main.png" x="266" y="95" w="10" h="25" gammagroup="display"/> 
  <bitmap id="songinfo.display.right" file="images/player-main.png" x="277" y="95" w="12" h="25" gammagroup="display"/> 
  
  <bitmap id="songinfo.bitrate.label" file="images/player-main.png" x="256" y="121" w="48" h="25" gammagroup="txtlabels"/> 
  <bitmap id="songinfo.frequency.label" file="images/player-main.png" x="344" y="121" w="36" h="25" gammagroup="txtlabels"/> 
  
  <bitmap id="songinfo.mono.off" file="images/player-main.png" x="409" y="99" w="55" h="21" gammagroup="txtlabels"/> 
  <bitmap id="songinfo.mono.on" file="images/player-main.png" x="409" y="121" w="55" h="21" gammagroup="ledcolor"/> 
  <bitmap id="songinfo.stereo.off" file="images/player-main.png" x="464" y="99" w="64" h="21" gammagroup="txtlabels"/>
  <bitmap id="songinfo.stereo.on" file="images/player-main.png" x="464" y="121" w="64" h="21" gammagroup="ledcolor"/>
  <bitmap id="songinfo.surround.on" file="images/player-main.png" x="464" y="143" w="64" h="21" gammagroup="ledcolor"/>

  <bitmap id="status.icon.play" file="images/player-main.png" x="56" y="244" w="24" h="24" gammagroup="display-text"/> 
  <bitmap id="status.icon.pause" file="images/player-main.png" x="81" y="244" w="24" h="24" gammagroup="display-text"/>
  <bitmap id="status.icon.stop" file="images/player-main.png" x="106" y="244" w="24" h="24" gammagroup="display-text"/> 

  <bitmap id="status.icon.play.dark" file="images/player-main.png" x="131" y="244" w="24" h="24" gammagroup="display-text"/> 
  <bitmap id="status.icon.pause.dark" file="images/player-main.png" x="156" y="244" w="24" h="24" gammagroup="display-text"/>
  <bitmap id="status.icon.stop.dark" file="images/player-main.png" x="181" y="244" w="24" h="24" gammagroup="display-text"/> 

	<!-- Shade mode -->

  <bitmap id="shade.resizer" file="images/player-shade.png" x="421" y="45" w="4" h="35" gammagroup="plastic"/>

  <bitmap id="shade.background.main.left" file="images/player-shade.png" x="0" y="81" w="267" h="29" gammagroup="plastic"/>
  <bitmap id="shade.background.main.middle" file="images/player-shade.png" x="267" y="81" w="10" h="29" gammagroup="plastic"/>
  <bitmap id="shade.background.main.right" file="images/player-shade.png" x="277" y="81" w="271" h="29" gammagroup="plastic"/>
  
  <bitmap id="shade.background.main.left.inactive" file="images/player-shade-inactive.png" x="0" y="0" w="267" h="29" gammagroup="plastic"/>
  <bitmap id="shade.background.main.middle.inactive" file="images/player-shade-inactive.png" x="267" y="0" w="10" h="29" gammagroup="plastic"/>
  <bitmap id="shade.background.main.right.inactive" file="images/player-shade-inactive.png" x="277" y="0" w="271" h="29" gammagroup="plastic"/>

  <bitmap id="shade.background.display.left" file="images/player-shade.png" x="130" y="51" w="81" h="29" gammagroup="display" />
  <bitmap id="shade.background.display.middle" file="images/player-shade.png" x="212" y="51" w="32" h="29" gammagroup="display"/>
  <bitmap id="shade.background.display.right" file="images/player-shade.png" x="245" y="51" w="20" h="29" gammagroup="display"/>

  <bitmap id="shade.seek.bg.left" file="images/player-shade.png" x="431" y="51" w="15" h="29" gammagroup="plastic"/>
  <bitmap id="shade.seek.bg.middle" file="images/player-shade.png" x="447" y="51" w="13" h="29" gammagroup="plastic"/>
  <bitmap id="shade.seek.bg.right" file="images/player-shade.png" x="461" y="51" w="15" h="29" gammagroup="plastic"/>
  
  <bitmap id="shade.seek.slider.shadow" file="images/player-shade.png" x="498" y="118" w="21" h="34" gammagroup="plastic"/>
  
  <bitmap id="shade.seek.slider.n" file="images/player-shade.png" x="432" y="118" w="21" h="34" gammagroup="goldbuttons"/>
  <bitmap id="shade.seek.slider.h" file="images/player-shade.png" x="454" y="118" w="21" h="34" gammagroup="goldbuttons"/>
  <bitmap id="shade.seek.slider.d" file="images/player-shade.png" x="476" y="118" w="21" h="34" gammagroup="goldbuttons"/>

  <bitmap id="shade.button.mainmenu.n" file="images/player-shade.png" x="4" y="0" w="22" h="26" gammagroup="goldbuttons"/>
  <bitmap id="shade.button.mainmenu.h" file="images/player-shade.png" x="4" y="0" w="22" h="26" gammagroup="goldbuttons"/>
  <bitmap id="shade.button.mainmenu.d" file="images/player-shade.png" x="4" y="0" w="22" h="26" gammagroup="goldbuttons"/>

  <bitmap id="shade.button.mainmenu.n.winamp" file="images/player-shade.png" x="4" y="27" w="22" h="26" gammagroup="goldbuttons"/>
  <bitmap id="shade.button.mainmenu.h.winamp" file="images/player-shade.png" x="4" y="27" w="22" h="26" gammagroup="goldbuttons"/>
  <bitmap id="shade.button.mainmenu.d.winamp" file="images/player-shade.png" x="4" y="27" w="22" h="26" gammagroup="goldbuttons"/>

  <bitmap id="shade.button.transparent" file="images/player-shade.png" x="454" y="218" w="22" h="26" gammagroup="goldbuttons"/>

  <bitmap id="shade.button.minimize.inactive" file="images/player-shade.png" x="477" y="218" w="22" h="26" gammagroup="goldbuttons"/>
  <bitmap id="shade.button.minimize.n" file="images/player-shade.png" x="477" y="0" w="22" h="26" gammagroup="goldbuttons"/>
  <bitmap id="shade.button.minimize.h" file="images/player-shade.png" x="477" y="27" w="22" h="26" gammagroup="goldbuttons"/>
  <bitmap id="shade.button.minimize.d" file="images/player-shade.png" x="477" y="54" w="22" h="26" gammagroup="goldbuttons"/>
  
  <bitmap id="shade.button.switch.inactive" file="images/player-shade.png" x="500" y="218" w="22" h="26" gammagroup="goldbuttons"/>
  <bitmap id="shade.button.switch.n" file="images/player-shade.png" x="500" y="0" w="22" h="26" gammagroup="goldbuttons"/>
  <bitmap id="shade.button.switch.h" file="images/player-shade.png" x="500" y="27" w="22" h="26" gammagroup="goldbuttons"/>
  <bitmap id="shade.button.switch.d" file="images/player-shade.png" x="500" y="54" w="22" h="26" gammagroup="goldbuttons"/>
  
  <bitmap id="shade.button.close.inactive" file="images/player-shade.png" x="523" y="218" w="22" h="26" gammagroup="goldbuttons"/>
  <bitmap id="shade.button.close.n" file="images/player-shade.png" x="523" y="0" w="22" h="26" gammagroup="goldbuttons"/>
  <bitmap id="shade.button.close.h" file="images/player-shade.png" x="523" y="27" w="22" h="26" gammagroup="goldbuttons"/>
  <bitmap id="shade.button.close.d" file="images/player-shade.png" x="523" y="54" w="22" h="26" gammagroup="goldbuttons"/>

  <bitmap id="shade.buttons.bg" file="images/player-shade.png" x="267" y="118" w="162" h="31" gammagroup="plastic"/>

  <bitmap id="shade.button.transparent2731" file="images/player-shade.png" x="432" y="153" w="27" h="31" gammagroup="greybuttons"/>
  <bitmap id="shade.button.transparent2631" file="images/player-shade.png" x="432" y="153" w="26" h="31" gammagroup="greybuttons"/>
  <bitmap id="shade.button.transparent3031" file="images/player-shade.png" x="432" y="153" w="30" h="31" gammagroup="greybuttons"/>
  
  <bitmap id="shade.button.previous.inactive" file="images/player-shade.png" x="103" y="215" w="27" h="31" gammagroup="greybuttons"/>
  <bitmap id="shade.button.previous.n" file="images/player-shade.png" x="268" y="150" w="27" h="31" gammagroup="greybuttons"/>
  <bitmap id="shade.button.previous.h" file="images/player-shade.png" x="268" y="182" w="27" h="31" gammagroup="greybuttons"/>
  <bitmap id="shade.button.previous.d" file="images/player-shade.png" x="268" y="214" w="27" h="31" gammagroup="greybuttons"/>
  <bitmap id="shade.button.play.inactive" file="images/player-shade.png" x="130" y="215" w="26" h="31" gammagroup="greybuttons"/>
  <bitmap id="shade.button.play.n" file="images/player-shade.png" x="295" y="150" w="26" h="31" gammagroup="greybuttons"/>
  <bitmap id="shade.button.play.h" file="images/player-shade.png" x="295" y="182" w="26" h="31" gammagroup="greybuttons"/>
  <bitmap id="shade.button.play.d" file="images/player-shade.png" x="295" y="214" w="26" h="31" gammagroup="greybuttons"/>
  <bitmap id="shade.button.pause.inactive" file="images/player-shade.png" x="156" y="215" w="26" h="31" gammagroup="greybuttons"/>
  <bitmap id="shade.button.pause.n" file="images/player-shade.png" x="321" y="150" w="26" h="31" gammagroup="greybuttons"/>
  <bitmap id="shade.button.pause.h" file="images/player-shade.png" x="321" y="182" w="26" h="31" gammagroup="greybuttons"/>
  <bitmap id="shade.button.pause.d" file="images/player-shade.png" x="321" y="214" w="26" h="31" gammagroup="greybuttons"/>
  <bitmap id="shade.button.stop.inactive" file="images/player-shade.png" x="182" y="215" w="26" h="31" gammagroup="greybuttons"/>
  <bitmap id="shade.button.stop.n" file="images/player-shade.png" x="347" y="150" w="26" h="31" gammagroup="greybuttons"/>
  <bitmap id="shade.button.stop.h" file="images/player-shade.png" x="347" y="182" w="26" h="31" gammagroup="greybuttons"/>
  <bitmap id="shade.button.stop.d" file="images/player-shade.png" x="347" y="214" w="26" h="31" gammagroup="greybuttons"/>
  <bitmap id="shade.button.next.inactive" file="images/player-shade.png" x="208" y="215" w="27" h="31" gammagroup="greybuttons"/>
  <bitmap id="shade.button.next.n" file="images/player-shade.png" x="373" y="150" w="27" h="31" gammagroup="greybuttons"/>
  <bitmap id="shade.button.next.h" file="images/player-shade.png" x="373" y="182" w="27" h="31" gammagroup="greybuttons"/>
  <bitmap id="shade.button.next.d" file="images/player-shade.png" x="373" y="214" w="27" h="31" gammagroup="greybuttons"/>

  <bitmap id="shade.button.eject.inactive" file="images/player-shade.png" x="235" y="215" w="30" h="31" gammagroup="greybuttons"/>
  <bitmap id="shade.button.eject.n" file="images/player-shade.png" x="400" y="150" w="30" h="31" gammagroup="greybuttons"/>
  <bitmap id="shade.button.eject.h" file="images/player-shade.png" x="400" y="182" w="30" h="31" gammagroup="greybuttons"/>
  <bitmap id="shade.button.eject.d" file="images/player-shade.png" x="400" y="214" w="30" h="31" gammagroup="greybuttons"/>

  <bitmap id="shade.wacup.txt" file="images/player-shade.png" x="27" y="21" w="68" h="29" gammagroup="txtlabels"/>
  <bitmap id="shade.winamp.txt" file="images/player-shade.png" x="27" y="51" w="68" h="29" gammagroup="txtlabels"/>
  <bitmap id="shade.bars" file="images/player-shade.png" x="96" y="51" w="18" h="29" gammagroup="titlebarstripes"/>


	<!-- Equalizer normal -->

  <bitmap id="eq.normal.bg" file="images/eq-background-main.png" x="0" y="3" w="548" h="242" gammagroup="plastic"/>

  <bitmap id="eq.normal.background.display" file="images/eq-background-main.png" x="224" y="246" w="362" h="47" gammagroup="display"/>

  <bitmap id="eq.normal.button.slider.v.n" file="images/eq-background-main.png" x="200" y="246" w="22" h="11" gammagroup="greybuttons"/>
  <bitmap id="eq.normal.button.slider.v.h" file="images/eq-background-main.png" x="200" y="275" w="22" h="11" gammagroup="greybuttons"/>
  <bitmap id="eq.normal.button.slider.v.d" file="images/eq-background-main.png" x="200" y="304" w="22" h="11" gammagroup="greybuttons"/>

  <bitmap id="eq.normal.bar.left" file="images/eq-background-main.png" x="43" y="100" w="11" h="30" gammagroup="greybuttons"/>
  <bitmap id="eq.normal.bar.middle" file="images/eq-background-main.png" x="43" y="141" w="11" h="30" gammagroup="greybuttons"/>
  <bitmap id="eq.normal.bar.right" file="images/eq-background-main.png" x="43" y="183" w="11" h="30" gammagroup="greybuttons"/>

	<bitmap id="eq.normal.labels.winamp" file="images/eq-background-main.png" x="1" y="394" h="12" w="486" gammagroup="txtlabels"/>
	<bitmap id="eq.normal.labels.iso" file="images/eq-background-main.png" x="1" y="407" h="12" w="486" gammagroup="txtlabels"/>
	<bitmap id="eq.normal.labels.main" file="images/eq-background-main.png" x="488" y="306" h="112" w="38" gammagroup="txtlabels"/>

  <bitmap id="eq.normal.button.power.on" file="images/eq-background-main.png" x="9" y="252" w="58" h="38" gammagroup="greybuttons"/>
  <bitmap id="eq.normal.button.power.on.h" file="images/eq-background-main.png" x="9" y="301" w="58" h="38" gammagroup="greybuttons"/>
  <bitmap id="eq.normal.button.power.on.d" file="images/eq-background-main.png" x="9" y="350" w="58" h="38" gammagroup="greybuttons"/>
  
  <bitmap id="eq.normal.button.auto.on" file="images/eq-background-main.png" x="67" y="252" w="66" h="38" gammagroup="greybuttons"/>
  <bitmap id="eq.normal.button.auto.on.h" file="images/eq-background-main.png" x="67" y="301" w="66" h="38" gammagroup="greybuttons"/>
  <bitmap id="eq.normal.button.auto.on.d" file="images/eq-background-main.png" x="67" y="350" w="66" h="38" gammagroup="greybuttons"/>
  
  <bitmap id="eq.normal.button.presets" file="images/eq-background-main.png" x="155" y="250" w="40" h="38" gammagroup="greybuttons"/>
  <bitmap id="eq.normal.button.presets.h" file="images/eq-background-main.png" x="155" y="299" w="40" h="38" gammagroup="greybuttons"/>
  <bitmap id="eq.normal.button.presets.d" file="images/eq-background-main.png" x="155" y="348" w="40" h="38" gammagroup="greybuttons"/>

  <bitmap id="on.light.off" file="images/eq-background-main.png" x="345" y="294" w="56" h="36" gammagroup="ledcolor"/>
  <bitmap id="on.light.on" file="images/eq-background-main.png" x="223" y="294" w="56" h="36" gammagroup="ledcolor"/>
  <bitmap id="auto.light.off" file="images/eq-background-main.png" x="402" y="294" w="64" h="36" gammagroup="ledcolor"/>
  <bitmap id="auto.light.on" file="images/eq-background-main.png" x="280" y="294" w="64" h="36" gammagroup="ledcolor"/>
  
  <bitmap id="eq.separator" file="images/eq-background-main.png" x="200" y="333" w="1" h="35" gammagroup="greybuttons"/>

  <!--bitmap id="eq.slider.bg.anim" file="images/eq-sliders-bg.png" gammagroup="multicolorbars"/-->

	<!-- Window -->
	
	<!-- active state -->
	
  <bitmap id="window.normal.titlebar.left" file="images/window/windows_xp_border_active.png" x="0" y="0" w="28" h="30" gammagroup="plastic"/>
  <bitmap id="window.normal.titlebar.middle" file="images/window/windows_xp_border_active.png" x="29" y="0" w="3" h="30" gammagroup="plastic"/>
  <bitmap id="window.normal.titlebar.right" file="images/window/windows_xp_border_active.png" x="33" y="0" w="35" h="30" gammagroup="plastic"/>

  <bitmap id="window.normal.top.left" file="images/window/windows-background-main.png" x="0" y="133" w="267" h="14" gammagroup="plastic"/>
  <bitmap id="window.normal.top.middle" file="images/window/windows-background-main.png" x="267" y="133" w="10" h="14" gammagroup="plastic"/>
  <bitmap id="window.normal.top.right" file="images/window/windows-background-main.png" x="277" y="133" w="271" h="14" gammagroup="plastic"/>

  <bitmap id="window.normal.left" file="images/window/windows_xp_border_active.png" x="0" y="31" w="4" h="31" gammagroup="plastic"/>
  <bitmap id="window.normal.middle" file="images/window/windows_xp_border_active.png" x="4" y="31" w="60" h="31" gammagroup="plastic"/>
  <bitmap id="window.normal.right" file="images/window/windows_xp_border_active.png" x="64" y="31" w="4" h="31" gammagroup="plastic"/>

  <bitmap id="window.normal.bottom.left" file="images/window/windows_xp_border_active.png" x="0" y="63" w="5" h="4" gammagroup="plastic"/>
  <bitmap id="window.normal.bottom.middle" file="images/window/windows_xp_border_active.png" x="6" y="63" w="39" h="4" gammagroup="plastic"/>
  <bitmap id="window.normal.bottom.right" file="images/window/windows_xp_border_active.png" x="63" y="63" w="5" h="4" gammagroup="plastic"/>

	<!-- inactive state -->

  <bitmap id="window.normal.titlebar.left.inactive" file="images/window/windows_xp_border_inactive.png" x="0" y="0" w="28" h="30" gammagroup="plastic"/>
  <bitmap id="window.normal.titlebar.middle.inactive" file="images/window/windows_xp_border_inactive.png" x="29" y="0" w="3" h="30" gammagroup="plastic"/>
  <bitmap id="window.normal.titlebar.right.inactive" file="images/window/windows_xp_border_inactive.png" x="33" y="0" w="35" h="30" gammagroup="plastic"/>

  <bitmap id="window.normal.left.inactive" file="images/window/windows_xp_border_inactive.png" x="0" y="31" w="4" h="31" gammagroup="plastic"/>
  <bitmap id="window.normal.middle.inactive" file="images/window/windows_xp_border_inactive.png" x="4" y="31" w="60" h="31" gammagroup="plastic"/>
  <bitmap id="window.normal.right.inactive" file="images/window/windows_xp_border_inactive.png" x="64" y="31" w="4" h="31" gammagroup="plastic"/>

  <bitmap id="window.normal.bottom.left.inactive" file="images/window/windows_xp_border_inactive.png" x="0" y="63" w="5" h="4" gammagroup="plastic"/>
  <bitmap id="window.normal.bottom.middle.inactive" file="images/window/windows_xp_border_inactive.png" x="6" y="63" w="39" h="4" gammagroup="plastic"/>
  <bitmap id="window.normal.bottom.right.inactive" file="images/window/windows_xp_border_inactive.png" x="63" y="63" w="5" h="4" gammagroup="plastic"/>


	<!-- dro example elements -->
  
  <bitmap id="window.normal.inner.top.left" file="images/window/windows-background-main.png" x="9" y="244" w="85" h="18" gammagroup="plastic"/>
  <bitmap id="window.normal.inner.top.middle" file="images/window/windows-background-main.png" x="94" y="244" w="85" h="18" gammagroup="plastic"/>
  <bitmap id="window.normal.inner.top.right" file="images/window/windows-background-main.png" x="179" y="244" w="85" h="18" gammagroup="plastic"/>
  <bitmap id="window.normal.inner.left" file="images/window/windows-background-main.png" x="9" y="262" w="85" h="18" gammagroup="plastic"/>
  <bitmap id="window.normal.inner.middle" file="images/window/windows-background-main.png" x="94" y="262" w="85" h="18" gammagroup="plastic"/>
  <bitmap id="window.normal.inner.right" file="images/window/windows-background-main.png" x="179" y="262" w="85" h="18" gammagroup="plastic"/>
  <bitmap id="window.normal.inner.bottom.left" file="images/window/windows-background-main.png" x="9" y="280" w="85" h="18" gammagroup="plastic"/>
  <bitmap id="window.normal.inner.bottom.middle" file="images/window/windows-background-main.png" x="94" y="280" w="85" h="18" gammagroup="plastic"/>
  <bitmap id="window.normal.inner.bottom.right" file="images/window/windows-background-main.png" x="179" y="280" w="85" h="18" gammagroup="plastic"/>

	<!-- dro example elements -->
  
  <bitmap id="window.normal.pl.inner.top.left" file="images/window/windows-background-main.png" x="265" y="244" w="85" h="18" gammagroup="plastic"/>
  <bitmap id="window.normal.pl.inner.top.middle" file="images/window/windows-background-main.png" x="350" y="244" w="85" h="18" gammagroup="plastic"/>
  <bitmap id="window.normal.pl.inner.top.right" file="images/window/windows-background-main.png" x="435" y="244" w="85" h="18" gammagroup="plastic"/>
  <bitmap id="window.normal.pl.inner.left" file="images/window/windows-background-main.png" x="265" y="262" w="85" h="18" gammagroup="plastic"/>
  <bitmap id="window.normal.pl.inner.middle" file="images/window/windows-background-main.png" x="350" y="262" w="85" h="18" gammagroup="plastic"/>
  <bitmap id="window.normal.pl.inner.right" file="images/window/windows-background-main.png" x="435" y="262" w="85" h="18" gammagroup="plastic"/>
  <bitmap id="window.normal.pl.inner.bottom.left" file="images/window/windows-background-main.png" x="265" y="280" w="85" h="18" gammagroup="plastic"/>
  <bitmap id="window.normal.pl.inner.bottom.middle" file="images/window/windows-background-main.png" x="350" y="280" w="85" h="18" gammagroup="plastic"/>
  <bitmap id="window.normal.pl.inner.bottom.right" file="images/window/windows-background-main.png" x="435" y="280" w="85" h="18" gammagroup="plastic"/>  
  
  <bitmap id="titlebar.window.stripes.left" file="images/player-main.png" x="28" y="0" w="10" h="28" gammagroup="titlebarstripes"/>
  <bitmap id="titlebar.window.stripes.center" file="images/player-main.png" x="58" y="0" w="10" h="28" gammagroup="titlebarstripes"/>
  <bitmap id="titlebar.window.stripes.right" file="images/player-main.png" x="151" y="0" w="10" h="28" gammagroup="titlebarstripes"/>

  <bitmap id="window.normal.region.top.left" file="images/window/windows-background-region.png" x="0" y="0" w="8" h="9" gammagroup="static"/>
  <bitmap id="window.normal.region.top.right" file="images/window/windows-background-region.png" x="8" y="0" w="8" h="9" gammagroup="static"/>
  <bitmap id="window.normal.region.bottom.left" file="images/window/windows-background-region.png" x="0" y="9" w="8" h="9" gammagroup="static"/>
  <bitmap id="window.normal.region.bottom.right" file="images/window/windows-background-region.png" x="8" y="9" w="8" h="9" gammagroup="static"/>

  <bitmap id="window.normal.button.close.inactive" file="images/player-main.png" x="524" y="0" w="21" h="21" gammagroup="goldbuttons"/>
  <bitmap id="window.normal.button.close" file="images/player-main.png" x="524" y="22" w="21" h="21" gammagroup="goldbuttons"/>
  <bitmap id="window.normal.button.close.h" file="images/player-main.png" x="524" y="44" w="21" h="21" gammagroup="goldbuttons"/>
  <bitmap id="window.normal.button.close.down" file="images/player-main.png" x="524" y="66" w="21" h="21" gammagroup="goldbuttons"/>

  <bitmap id="normal.resizer.bottomright" file="images/window/windows-elements.png" x="93" y="84" w="12" h="12" gammagroup="plastic"/>
	
  <bitmap id="window.buttons.bg" file="images/window/windows-background-main.png" x="9" y="299" w="175" h="44" gammagroup="plastic"/>
  <bitmap id="window.button.bg" file="images/window/windows-background-main.png" x="187" y="299" w="51" h="44" gammagroup="plastic"/>

	<!-- Playlist Window -->
  <bitmap id="window.pl.bg" file="images/plbottom.png" x="0" y="0" w="540" h="40" gammagroup="plastic"/>
	
  <bitmap id="window.pl.button.add.n" file="images/window/windows-background-main.png" x="9" y="344" w="46" h="48" gammagroup="greybuttons"/>
  <bitmap id="window.pl.button.add.h" file="images/window/windows-background-main.png" x="9" y="393" w="46" h="48" gammagroup="greybuttons"/>
  <bitmap id="window.pl.button.add.d" file="images/window/windows-background-main.png" x="9" y="442" w="46" h="48" gammagroup="greybuttons"/>
  <bitmap id="window.pl.button.rem.n" file="images/window/windows-background-main.png" x="55" y="344" w="42" h="48" gammagroup="greybuttons"/>
  <bitmap id="window.pl.button.rem.h" file="images/window/windows-background-main.png" x="55" y="393" w="42" h="48" gammagroup="greybuttons"/>
  <bitmap id="window.pl.button.rem.d" file="images/window/windows-background-main.png" x="55" y="442" w="42" h="48" gammagroup="greybuttons"/>
  <bitmap id="window.pl.button.sel.n" file="images/window/windows-background-main.png" x="97" y="344" w="42" h="48" gammagroup="greybuttons"/>
  <bitmap id="window.pl.button.sel.h" file="images/window/windows-background-main.png" x="97" y="393" w="42" h="48" gammagroup="greybuttons"/>
  <bitmap id="window.pl.button.sel.d" file="images/window/windows-background-main.png" x="97" y="442" w="42" h="48" gammagroup="greybuttons"/>
  <bitmap id="window.pl.button.misc.n" file="images/window/windows-background-main.png" x="139" y="344" w="45" h="48" gammagroup="greybuttons"/>
  <bitmap id="window.pl.button.misc.h" file="images/window/windows-background-main.png" x="139" y="393" w="45" h="48" gammagroup="greybuttons"/>
  <bitmap id="window.pl.button.misc.d" file="images/window/windows-background-main.png" x="139" y="442" w="45" h="48" gammagroup="greybuttons"/>
  <bitmap id="window.pl.button.ploptns.n" file="images/window/windows-background-main.png" x="187" y="344" w="46" h="48" gammagroup="greybuttons"/>
  <bitmap id="window.pl.button.ploptns.h" file="images/window/windows-background-main.png" x="187" y="393" w="46" h="48" gammagroup="greybuttons"/>
  <bitmap id="window.pl.button.ploptns.d" file="images/window/windows-background-main.png" x="187" y="442" w="46" h="48" gammagroup="greybuttons"/>

  <bitmap id="pl.shade.display.left" file="images/player-shade.png" x="130" y="21" w="81" h="29" gammagroup="display" />
  <bitmap id="pl.shade.display.middle" file="images/player-shade.png" x="212" y="21" w="32" h="29" gammagroup="display"/>
  <bitmap id="pl.shade.display.right" file="images/player-shade.png" x="245" y="21" w="20" h="29" gammagroup="display"/>

  <bitmap id="window.pl.display.bg.left" file="images/window/windows-background-main.png" x="363" y="299" w="81" h="29" gammagroup="display"/>
  <bitmap id="window.pl.display.bg.middle" file="images/window/windows-background-main.png" x="445" y="299" w="32" h="29" gammagroup="display"/>
  <bitmap id="window.pl.display.bg.right" file="images/window/windows-background-main.png" x="478" y="299" w="20" h="29" gammagroup="display"/>

  <bitmap id="window.pl.display.left" file="images/window/windows-background-main.png" x="363" y="329" w="81" h="29" gammagroup="display"/>
  <bitmap id="window.pl.display.middle" file="images/window/windows-background-main.png" x="445" y="329" w="32" h="29" gammagroup="display"/>
  <bitmap id="window.pl.display.right" file="images/window/windows-background-main.png" x="478" y="329" w="20" h="29" gammagroup="display"/>

  <bitmap id="pl.button.previous.n" file="images/window/windows-background-main.png" x="242" y="302" w="20" h="20" gammagroup="display-text"/>
  <bitmap id="pl.button.previous.h" file="images/window/windows-background-main.png" x="242" y="323" w="20" h="20" gammagroup="display-text"/>
  <bitmap id="pl.button.previous.d" file="images/window/windows-background-main.png" x="242" y="344" w="20" h="20" gammagroup="display-text"/>
  <bitmap id="pl.button.play.n" file="images/window/windows-background-main.png" x="262" y="302" w="20" h="20" gammagroup="display-text"/>
  <bitmap id="pl.button.play.h" file="images/window/windows-background-main.png" x="262" y="323" w="20" h="20" gammagroup="display-text"/>
  <bitmap id="pl.button.play.d" file="images/window/windows-background-main.png" x="262" y="344" w="20" h="20" gammagroup="display-text"/>
  <bitmap id="pl.button.pause.n" file="images/window/windows-background-main.png" x="282" y="302" w="20" h="20" gammagroup="display-text"/>
  <bitmap id="pl.button.pause.h" file="images/window/windows-background-main.png" x="282" y="323" w="20" h="20" gammagroup="display-text"/>
  <bitmap id="pl.button.pause.d" file="images/window/windows-background-main.png" x="282" y="344" w="20" h="20" gammagroup="display-text"/>
  <bitmap id="pl.button.stop.n" file="images/window/windows-background-main.png" x="302" y="302" w="20" h="20" gammagroup="display-text"/>
  <bitmap id="pl.button.stop.h" file="images/window/windows-background-main.png" x="302" y="323" w="20" h="20" gammagroup="display-text"/>
  <bitmap id="pl.button.stop.d" file="images/window/windows-background-main.png" x="302" y="344" w="20" h="20" gammagroup="display-text"/>
  <bitmap id="pl.button.next.n" file="images/window/windows-background-main.png" x="322" y="302" w="20" h="20" gammagroup="display-text"/>
  <bitmap id="pl.button.next.h" file="images/window/windows-background-main.png" x="322" y="323" w="20" h="20" gammagroup="display-text"/>
  <bitmap id="pl.button.next.d" file="images/window/windows-background-main.png" x="322" y="344" w="20" h="20" gammagroup="display-text"/>
  <bitmap id="pl.button.eject.n" file="images/window/windows-background-main.png" x="342" y="302" w="20" h="20" gammagroup="display-text"/>
  <bitmap id="pl.button.eject.h" file="images/window/windows-background-main.png" x="342" y="323" w="20" h="20" gammagroup="display-text"/>
  <bitmap id="pl.button.eject.d" file="images/window/windows-background-main.png" x="342" y="344" w="20" h="20" gammagroup="display-text"/>

	<!-- Video Window -->

  <bitmap id="window.vid.display.bg.left" file="images/window/windows-background-main.png" x="373" y="359" w="20" h="29" gammagroup="display"/>
  <bitmap id="window.vid.display.bg.middle" file="images/window/windows-background-main.png" x="394" y="359" w="20" h="29" gammagroup="display"/>
  <bitmap id="window.vid.display.bg.right" file="images/window/windows-background-main.png" x="415" y="359" w="20" h="29" gammagroup="display"/>

  <bitmap id="window.vid.display.left" file="images/window/windows-background-main.png" x="436" y="359" w="20" h="29" gammagroup="display"/>
  <bitmap id="window.vid.display.middle" file="images/window/windows-background-main.png" x="457" y="359" w="20" h="29" gammagroup="display"/>
  <bitmap id="window.vid.display.right" file="images/window/windows-background-main.png" x="478" y="359" w="20" h="29" gammagroup="display"/>
  
  <bitmap id="vid.button.fullsc.n" file="images/window/windows-background-main.png" x="242" y="365" w="20" h="20" gammagroup="display-text"/>
  <bitmap id="vid.button.fullsc.h" file="images/window/windows-background-main.png" x="242" y="386" w="20" h="20" gammagroup="display-text"/>
  <bitmap id="vid.button.fullsc.d" file="images/window/windows-background-main.png" x="242" y="407" w="20" h="20" gammagroup="display-text"/>

  <bitmap id="vid.button.1x.n" file="images/window/windows-background-main.png" x="262" y="365" w="20" h="20" gammagroup="display-text"/>
  <bitmap id="vid.button.1x.h" file="images/window/windows-background-main.png" x="262" y="386" w="20" h="20" gammagroup="display-text"/>
  <bitmap id="vid.button.1x.d" file="images/window/windows-background-main.png" x="262" y="407" w="20" h="20" gammagroup="display-text"/>

  <bitmap id="vid.button.2x.n" file="images/window/windows-background-main.png" x="282" y="365" w="20" h="20" gammagroup="display-text"/>
  <bitmap id="vid.button.2x.h" file="images/window/windows-background-main.png" x="282" y="386" w="20" h="20" gammagroup="display-text"/>
  <bitmap id="vid.button.2x.d" file="images/window/windows-background-main.png" x="282" y="407" w="20" h="20" gammagroup="display-text"/>
  
  <bitmap id="vid.button.misc.n" file="images/window/windows-background-main.png" x="302" y="365" w="20" h="20" gammagroup="display-text"/>
  <bitmap id="vid.button.misc.h" file="images/window/windows-background-main.png" x="302" y="386" w="20" h="20" gammagroup="display-text"/>
  <bitmap id="vid.button.misc.d" file="images/window/windows-background-main.png" x="302" y="407" w="20" h="20" gammagroup="display-text"/>

  <!-- ok button -->

  <bitmap id="okbutton.normal" file="images/OKbutton.png" x="0" y="0" w="75" h="23" gammagroup="plastic"/>
	<bitmap id="okbutton.down" file="images/OKbutton.png" x="0" y="24" w="75" h="23" gammagroup="plastic"/>
  <bitmap id="okbutton.hover" file="images/OKbutton.png" x="0" y="48" w="75" h="23" gammagroup="plastic"/>
  	
	<!-- Windows shade -->
	
  <bitmap id="window.shade.background.main.left" file="images/player-shade.png" x="0" y="81" w="267" h="35" gammagroup="plastic"/>
  <bitmap id="window.shade.background.main.center" file="images/player-shade.png" x="267" y="81" w="10" h="35" gammagroup="plastic"/>
  <bitmap id="window.shade.background.main.right" file="images/player-shade.png" x="277" y="81" w="271" h="35" gammagroup="plastic"/>

  <bitmap id="window.shade.background.display.left" file="images/player-shade.png" x="130" y="51" w="81" h="29" gammagroup="dislpay"/>
  <bitmap id="window.shade.background.display.center" file="images/player-shade.png" x="212" y="51" w="32" h="29" gammagroup="dislpay"/>
  <bitmap id="window.shade.background.display.right" file="images/player-shade.png" x="245" y="51" w="20" h="29" gammagroup="dislpay"/>

  <bitmap id="window.shade.region.top.left" file="images/window/windows-player-shade.png" x="0" y="0" w="3" h="3" gammagroup="static"/>
  <bitmap id="window.shade.region.top.right" file="images/window/windows-player-shade.png" x="3" y="0" w="3" h="3" gammagroup="static"/>
  <bitmap id="window.shade.region.bottom.left" file="images/window/windows-player-shade.png" x="0" y="3" w="3" h="3" gammagroup="static"/>
  <bitmap id="window.shade.region.bottom.right" file="images/window/windows-player-shade.png" x="3" y="3" w="3" h="3" gammagroup="static"/>
  
  <bitmap id="window.shade.button.switch.inactive" file="images/player-main.png" x="502" y="0" w="21" h="21" gammagroup="goldbuttons"/>
  <bitmap id="window.shade.button.switch" file="images/player-main.png" x="502" y="22" w="21" h="21" gammagroup="goldbuttons"/>
  <bitmap id="window.shade.button.switch.h" file="images/player-main.png" x="502" y="44" w="21" h="21" gammagroup="goldbuttons"/>
  <bitmap id="window.shade.button.switch.d" file="images/player-main.png" x="502" y="66" w="21" h="21" gammagroup="goldbuttons"/>

  <bitmap id="window.shade.button.close.inactive" file="images/player-main.png" x="524" y="0" w="21" h="21" gammagroup="goldbuttons"/>
  <bitmap id="window.shade.button.close" file="images/player-main.png" x="524" y="22" w="21" h="21" gammagroup="goldbuttons"/>
  <bitmap id="window.shade.button.close.h" file="images/player-main.png" x="524" y="44" w="21" h="21" gammagroup="goldbuttons"/>
  <bitmap id="window.shade.button.close.d" file="images/player-main.png" x="524" y="66" w="21" h="21" gammagroup="goldbuttons"/>

	<include file="elements-system.xml"/>
</elements>