<container id="equalizer" name="Equalizer" default_visible="1" default_x="0" default_y="242" default_w="550">

<groupdef id="equalizer.normal.group.main.content">
 
  <!--layer id="eq.background" image="window.pl.bg" x="4" y="-20" relatw="1" relath="1" w="-8" h="20" alpha="255" cursor="cur.normal"/-->
  <layer id="eq.background2" image="window.pl.bg" x="4" y="-41" relatw="1" relaty="1" w="-8" h="40" alpha="255" cursor="cur.normal"/>

  <layer id="eq.normal.bg" x="4" y="-78" image="eq.normal.bg" move="1" sysregion="1" alpha="255"/>
  <rect id="eq.mover" x="10" y="3" h="200" w="-20" relatw="1" filled="1" move="1" cursor="cur.normal" alpha="0"/>

	<ToggleButton id="eq.button.on" action="EQ_TOGGLE" x="6" y="169" w="58" h="38" image="eq.normal.button.power.on" hoverimage="eq.normal.button.power.on.h" downimage="eq.normal.button.power.on.d" rectrgn="1" cursor="cur.normal"/>
	<ToggleButton id="eq.button.auto" action="EQ_AUTO" x="64" y="169" w="66" h="38" image="eq.normal.button.auto.on" hoverimage="eq.normal.button.auto.on.h" downimage="eq.normal.button.auto.on.d" rectrgn="1" cursor="cur.normal"/>
	
  <layer id="eq.light.on" x="7" y="170" w="56" h="36" image="on.light.on" ghost="1"/>
  <layer id="eq.light.auto" x="65" y="170" w="64" h="36" image="auto.light.on" ghost="1"/>

  <layer id="eq.separator1" x="132" y="171" w="1" h="35" image="eq.separator"/>
  
  <!--layer id="eq.spline.bg" x="126" y="164" image="eq.normal.background.display" alpha="255" cursor="cur.normal"/-->
  <eqvis x="136" y="172" w="362" h="31" colortop="0,0,0" colormiddle="0,0,0" colorbottom="0,0,0" colorpreamp="128,128,128" ghost="1" />

  <layer id="eq.separator2" x="501" y="171" w="1" h="35" image="eq.separator"/>

	<togglebutton id="eq.button.presets.menu" action="MENU" param="PRESETS" x="408" y="103" w="1" h="1" image="none"/>
	<button id="eq.button.presets.gfx" x="504" y="169" image="eq.normal.button.presets" hoverimage="eq.normal.button.presets.h" downimage="eq.normal.button.presets.d" rectrgn="1" cursor="cur.normal"/>
  <script file="..\WinampXP\scripts\sc_mouseredir.maki" param="eq.button.presets.gfx;eq.button.presets.menu"/>
  <!-- I like to place the menu under the button -not the pointer- whenever I can -->

  <!--images source="preamp" x="38" y="68" w="5" h="106" images="player.animation.eq.sliders" imagesspacing="106"/-->
	
  <Animatedlayer id="preamp_layer" x="50" y="77" w="6" h="107" ghost="1" alpha="255"/>
  
	<slider id="preamp" action="EQ_BAND" param="PREAMP" x="42" y="18" h="118" w="22" orientation="vertical" thumb="eq.normal.button.slider.v.n" hoverthumb="eq.normal.button.slider.v.h" downthumb="eq.normal.button.slider.v.d" tooltip="Preamp" cursor="cur.normal"/>

	<!--layer id="eq1.bg" x="131" y="70" image="eq.slider.bg.1" ghost="1"/-->
	
  <Animatedlayer id="eq1.bg" x="135" y="77" w="6" h="107" ghost="1" alpha="255"/>
  <Animatedlayer id="eq2.bg" x="175" y="77" w="6" h="107" ghost="1" alpha="255"/>
  <Animatedlayer id="eq3.bg" x="215" y="77" w="6" h="107" ghost="1" alpha="255"/>
  <Animatedlayer id="eq4.bg" x="255" y="77" w="6" h="107" ghost="1" alpha="255"/>
  <Animatedlayer id="eq5.bg" x="295" y="77" w="6" h="107" ghost="1" alpha="255"/>
  <Animatedlayer id="eq6.bg" x="335" y="77" w="6" h="107" ghost="1" alpha="255"/>
  <Animatedlayer id="eq7.bg" x="375" y="77" w="6" h="107" ghost="1" alpha="255"/>
  <Animatedlayer id="eq8.bg" x="415" y="77" w="6" h="107" ghost="1" alpha="255"/>
  <Animatedlayer id="eq9.bg" x="455" y="77" w="6" h="107" ghost="1" alpha="255"/>
  <Animatedlayer id="eq10.bg" x="495" y="77" w="6" h="107" ghost="1" alpha="255"/>
			
	<slider id="eq1" action="EQ_BAND" param="1" x="127" y="18" h="119" w="22" orientation="vertical" thumb="eq.normal.button.slider.v.n" hoverthumb="eq.normal.button.slider.v.h" downthumb="eq.normal.button.slider.v.d" tooltip="70 Hz" cursor="cur.normal"/>
	<slider id="eq2" action="EQ_BAND" param="2" x="167" y="18" h="119" w="22" orientation="vertical" thumb="eq.normal.button.slider.v.n" hoverthumb="eq.normal.button.slider.v.h" downthumb="eq.normal.button.slider.v.d" tooltip="180 Hz" cursor="cur.normal"/>
	<slider id="eq3" action="EQ_BAND" param="3" x="207" y="18" h="119" w="22" orientation="vertical" thumb="eq.normal.button.slider.v.n" hoverthumb="eq.normal.button.slider.v.h" downthumb="eq.normal.button.slider.v.d" tooltip="320 Hz" cursor="cur.normal"/>
	<slider id="eq4" action="EQ_BAND" param="4" x="247" y="18" h="119" w="22" orientation="vertical" thumb="eq.normal.button.slider.v.n" hoverthumb="eq.normal.button.slider.v.h" downthumb="eq.normal.button.slider.v.d" tooltip="600 Hz" cursor="cur.normal"/>
	<slider id="eq5" action="EQ_BAND" param="5" x="287" y="18" h="119" w="22" orientation="vertical" thumb="eq.normal.button.slider.v.n" hoverthumb="eq.normal.button.slider.v.h" downthumb="eq.normal.button.slider.v.d" tooltip="1Khz" cursor="cur.normal"/>
	<slider id="eq6" action="EQ_BAND" param="6" x="327" y="18" h="119" w="22" orientation="vertical" thumb="eq.normal.button.slider.v.n" hoverthumb="eq.normal.button.slider.v.h" downthumb="eq.normal.button.slider.v.d" tooltip="3Khz" cursor="cur.normal"/>
	<slider id="eq7" action="EQ_BAND" param="7" x="367" y="18" h="119" w="22" orientation="vertical" thumb="eq.normal.button.slider.v.n" hoverthumb="eq.normal.button.slider.v.h" downthumb="eq.normal.button.slider.v.d" tooltip="6Khz" cursor="cur.normal"/>
	<slider id="eq8" action="EQ_BAND" param="8" x="407" y="18" h="119" w="22" orientation="vertical" thumb="eq.normal.button.slider.v.n" hoverthumb="eq.normal.button.slider.v.h" downthumb="eq.normal.button.slider.v.d" tooltip="12Khz" cursor="cur.normal"/>
	<slider id="eq9" action="EQ_BAND" param="9" x="447" y="18" h="119" w="22" orientation="vertical" thumb="eq.normal.button.slider.v.n" hoverthumb="eq.normal.button.slider.v.h" downthumb="eq.normal.button.slider.v.d" tooltip="14Khz" cursor="cur.normal"/>
	<slider id="eq10" action="EQ_BAND" param="10" x="487" y="18" h="119" w="22" orientation="vertical" thumb="eq.normal.button.slider.v.n" hoverthumb="eq.normal.button.slider.v.h" downthumb="eq.normal.button.slider.v.d" tooltip="16Khz" cursor="cur.normal"/>

	<button	id="EQ_p12" x="73" y="22" w="32" h="9" rectrgn="1" image="none" cursor="cur.normal"/>
	<button id="EQ_0" x="73" y="73" w="27" h="9" rectrgn="1" image="none" cursor="cur.normal"/>
	<button id="EQ_m12" x="74" y="125" w="28" h="9" rectrgn="1" image="none" cursor="cur.normal"/>
		

  <layer id="eq.frequency.labels.m" x="73" y="22" image="eq.normal.labels.main" ghost="1" alpha="255"/>
  <layer id="eq.frequency.labels" x="28" y="140" image="eq.normal.labels.winamp" ghost="1" alpha="255"/>
	
	<!--slider id="eq.slider.crossfade" cfgattrib="{F1239F09-8CC6-4081-8519-C2AE99FCB14C};Crossfade time" high="20" x="186" y="178" w="83" h="14" thumb="eq.normal.button.slider.horizontal" downthumb="eq.normal.button.slider.horizontal"/-->

  <script file="..\WinampXP\scripts\eq_animated_bars.maki"/>
</groupdef>

<groupdef id="equalizer.shade.group" w="0" h="29" ghost="1" relatw="1">
	<layer id="background.shade.l" x="0" y="0" h="29" image="shade.background.main.left" activealpha="255" inactivealpha="0" dblclickaction="SWITCH;normal" sysregion="1"/>
	<layer id="background.shade.m" x="267" y="0" h="29" w="-538" relatw="1" image="shade.background.main.middle" activealpha="255" inactivealpha="0" dblclickaction="SWITCH;normal" sysregion="1"/>
	<layer id="background.shade.r" x="-271" y="0" h="29" relatx="1" image="shade.background.main.right" activealpha="255" inactivealpha="0" dblclickaction="SWITCH;normal" sysregion="1"/>

	<layer id="background.shade.l.i" x="0" y="0" h="29" image="shade.background.main.left.inactive" activealpha="0" inactivealpha="255" dblclickaction="SWITCH;normal" sysregion="1"/>
	<layer id="background.shade.m.i" x="267" y="0" h="29" w="-538" relatw="1" image="shade.background.main.middle.inactive" activealpha="0" inactivealpha="255" dblclickaction="SWITCH;normal" sysregion="1"/>
	<layer id="background.shade.r.i" x="-271" y="0" h="29" relatx="1" image="shade.background.main.right.inactive" activealpha="0" inactivealpha="255" dblclickaction="SWITCH;normal" sysregion="1"/>

	<button id="eq.shade.mainmenu" action="SYSMENU" x="0" y="1" image="player.button.mainmenu" hoverimage="player.button.mainmenu.h" downimage="player.button.mainmenu.d" alpha="255" tooltip="Winamp Menu" cursor="cur.normal"/>
	
	<text id="window.titlebar.title.dropshadow" x="25" y="-3" w="600" h="42" default=":componentname" font="trebuc" fontsize="17"
    align="left" color="titlebar.text.shadow" bold="1" antialias="1" activealpha="255" inactiveAlpha="0" move="1" dblclickaction="SWITCH;normal" forceuppercase="0"/>
	
  	<text id="window.titlebar.title" x="24" y="-4" w="600" h="42" default=":componentname" font="trebuc" fontsize="17"
    align="left" color="titlebar.text" bold="1" antialias="1" activealpha="255" inactiveAlpha="0" move="1" dblclickaction="SWITCH;normal" forceuppercase="0"/>
	
  	<text id="window.titlebar.title.dim" x="24" y="-4" w="600" h="42" default=":componentname" font="trebuc" fontsize="17"
    align="left" color="titlebar.text.inactive" bold="1" antialias="1" activealpha="0" inactivealpha="255" move="1" dblclickaction="SWITCH;normal" forceuppercase="0"/>

	<grid id="shade.titlebar.stripes" x="10" y="3" w="-80" h="28" relatw="1" left="titlebar.stripes.left" middle="titlebar.stripes.center" right="titlebar.stripes.right" move="1" activealpha="255" inactivealpha="100" ghost="1"/>

  <group id="eq.shade.titlebar.center" x="0" y="3" w="260" h="28" ghost="1"/>
  
	<layer id="pledit.region.top.left" x="0" y="0" image="window.shade.region.top.left" ghost="1" sysregion="-2"/>
	<layer id="pledit.region.top.right" x="-3" y="0" relatx="1" image="window.shade.region.top.right" ghost="1" sysregion="-2"/>
	<layer id="pledit.region.bottom.left" x="0" y="-3" relaty="1" image="window.shade.region.bottom.left" ghost="1" sysregion="-2"/>
	<layer id="pledit.region.bottom.right" x="-3" y="-3" relatx="1" relaty="1" image="window.shade.region.bottom.right" ghost="1" sysregion="-2"/>

  <group id="eq.shade.volbalance" x="0" y="6" w="228" h="28"/>

	<layer id="eq.background.grip.mid" x="-4" y="0" w="4" h="35" image="shade.resizer" relatx="1" dblclickaction="SWITCH;normal" alpha="255" resize="right" cursor="cur.normal" />

		<!-- active -->
	<button x="-73" y="1" relatx="1" image="shade.button.minimize.n" cursor="cur.close" activealpha="255" inactivealpha="0"/>
	<button x="-50" y="1" relatx="1" image="shade.button.switch.n" cursor="cur.close" activealpha="255" inactivealpha="0"/>
	<button x="-27" y="1" relatx="1" image="shade.button.close.n" cursor="cur.close" activealpha="255" inactivealpha="0"/>

	<!-- inactive -->
	<button x="-73" y="1" relatx="1" image="shade.button.minimize.inactive" cursor="cur.close" activealpha="0" inactivealpha="255"/>
	<button x="-50" y="1" relatx="1" image="shade.button.switch.inactive" cursor="cur.close" activealpha="0" inactivealpha="255"/>
	<button x="-27" y="1" relatx="1" image="shade.button.close.inactive" cursor="cur.close" activealpha="0" inactivealpha="255"/>
	
	<button id="player.button.minimize" action="MINIMIZE" x="-73" y="6" relatx="1" image="player.button.transparent" hoverimage="player.button.minimize.h" downimage="player.button.minimize.d" tooltip="Minimize" alpha="255" cursor="cur.normal"/>
	<button id="eq.button.switch" action="SWITCH" param="NORMAL" x="-50" y="1" relatx="1" image="shade.button.transparent" hoverimage="shade.button.switch.h"
	downimage="shade.button.switch.d" tooltip="Toggle Windowshade Mode" alpha="255" cursor="cur.normal"/>
	<button id="eq.button.close" action="CLOSE" x="-27" y="6" relatx="1" image="player.button.transparent" hoverimage="window.shade.button.close.h" 
	downimage="window.shade.button.close.d" tooltip="Close" alpha="255" cursor="cur.close"/>
</groupdef>


<groupdef id="eq.shade.volbalance">
	<layer id="player.bg.volume" x="1" y="3" image="player.bg.vol" tooltip="Volume Bar"/>
  <!--  using image source is buggy with color themes -->
  <!--images source="volume" x="5" y="6" w="120" h="8" images="player.animation.volume" imagesspacing="8"/-->
  <Animatedlayer id="volume.anim" x="5" y="6" w="120" h="8" ghost="1" alpha="255"/>
	<slider id="player.slider.volume.shadow" x="0" y="0" w="130" h="26" action="VOLUME" orientation="horizontal" thumb="thumb.volpan.slider.shadow" hoverthumb="thumb.volpan.slider.shadow" downthumb="thumb.volpan.slider.shadow"/>	
	<slider id="player.slider.volume" x="0" y="0" w="130" h="26" action="VOLUME" orientation="horizontal" thumb="thumb.volpan.slider.n" hoverthumb="thumb.volpan.slider.h" downthumb="thumb.volpan.slider.d" cursor="cur.normal" tooltip="Volume Bar"/>

	<layer id="eq.bg.pan" x="143" y="3" image="player.bg.balance" tooltip="Panning Bar"/>
  <Animatedlayer id="balance.anim" x="147" y="6" w="71" h="8" ghost="1" alpha="255"/>
	<slider id="eq.slider.pan.shadow" x="143" y="0" w="81" h="26" action="PAN" thumb="thumb.volpan.slider.shadow" hoverthumb="thumb.volpan.slider.shadow" downthumb="thumb.volpan.slider.shadow"/>
	<slider id="eq.slider.pan" x="143" y="0" w="81" h="26" action="PAN" thumb="thumb.volpan.slider.n" hoverthumb="thumb.volpan.slider.h" downthumb="thumb.volpan.slider.d" cursor="cur.normal" tooltip="Panning Bar"/>
</groupdef>

<groupdef id="eq.shade.titlebar.center">
	
</groupdef>


<groupdef id="pledit.switch.button">
  <!--layer id="window.top.middle" x="0" y="0" w="0" relatw="1" image="window.normal.titlebar.middle" resize="top" stretch="1" ghost="1" cursor="cur.restop"/-->

  	<!-- active -->
	<button x="-24" y="5" relatx="1" image="player.button.switch" activealpha="255" inactivealpha="0" cursor="cur.normal"/>

	<!-- inactive -->
	<button x="-24" y="5" relatx="1" image="player.button.switch.inactive" activealpha="0" inactivealpha="255" cursor="cur.normal"/>

	<button id="pledit.button.switch" action="SWITCH" param="SHADE" x="31" y="5" image="player.button.transparent" hoverimage="window.shade.button.switch.h" 
	downimage="window.shade.button.switch.d" tooltip="Toggle Windowshade Mode" alpha="255" cursor="cur.normal"/>
</groupdef>


<layout id="normaleq" background="component.basetexture" w="550" h="242" minimum_w="550" maximum_w="550" desktopalpha="0" linkwidth="shade" appbar="top|bottom">
	<Wasabi:StandardFrame:NoStatus x="0" y="0" w="0" h="242" relatw="1"/>
	
  <layer id="resize.disabler.top" x="10" y="0" w="-20" h="10" relatw="1" image="none" move="1" cursor="ccur.normal"/>
  <layer id="resize.disabler.top.left" x="0" y="0" w="12" h="53" image="none" regionop="1" rectrgn="1" cursor="cur.normal"/>
  <layer id="resize.disabler.top.right" x="-10" relatx="1" y="0" w="10" h="53" image="none" regionop="1" rectrgn="1" cursor="cur.normal"/>
  <layer id="resize.disabler.bottom.left" x="0" y="190" w="10" h="53" image="none" regionop="1" rectrgn="1" cursor="cur.normal"/>
  <layer id="resize.disabler.bottom.right" x="-10" relatx="1" y="190" w="19" h="53" image="none" regionop="1" rectrgn="1" cursor="cur.normal"/>
  <layer id="resize.disabler.bottom" x="10" y="237" w="-20" h="7" relatw="1" image="none" cursor="cur.normal"/>
  <layer id="resize.disabler.left" x="0" y="30" w="10" h="242" image="none" cursor="cur.normal"/>
  <layer id="resize.disabler.right" x="-10" y="30" w="10" h="242" relatx="1" image="none" cursor="cur.normal"/>

  <sendparams target="window.button.switch" visible="1" />
	<sendparams target="wasabi.frame.layout.base.bg" visible="0" />
	<sendparams target="wasabi.frame.layout.windowcontrol" x="-62" w="51" />
	<sendparams target="wasabi.frame.layout.titlebar" w="0" />
	<sendparams target="wasabi.frame.layout.grip" x="10" w="-78" />
	<sendparams target="mousetrap" h="35" relath="0" dblClickAction="SWITCH;shade"/>
  <sendparams target="componentname" w="-81"/>
  <sendparams target="disabled.switch" alpha="0"/>

  <group id="equalizer.normal.group.main.content" x="1" y="30" h="208" w="550"/>
  <group id="pledit.switch.button" x="-81" y="1" h="30" w="55" relatx="1"/>
</layout> 


<layout id="shade" w="550" h="29" minimum_w="550" minimum_h="29" maximum_w="550" droptarget="pldr" desktopalpha="1" linkwidth="normal">
	<group id="equalizer.shade.group" x="0" y="0" h="29" ghost="1" cursor="cur.normal"/>
</layout>	
	
  <script file="..\WinampXP\scripts\eq.maki"/>
</container>