<container id="PLEdit" name="Playlist Editor" component="guid:{45F3F7C1-A6F3-4ee6-A15E-125E92FC3F8D}" default_visible="1" default_x="0" default_y="484" default_w="550" default_h="242">

<groupdef id="pledit.content.group" cursor="cur.normal">
	<component id="pl.wdh" x="-11" y="-14" w="22" relatw="1" h="-15" relath="1" noshowcmdbar="1" autoopen="1" autoclose="0" param="guid:{45F3F7C1-A6F3-4ee6-A15E-125E92FC3F8D}" />
</groupdef>

<groupdef id="pledit.shade.group.main" w="0" h="35" ghost="1" relatw="1">
	<layer id="pledit.background.main.left" x="0" y="0" h="35" image="window.shade.background.main.left" activealpha="255" inactivealpha="0" dblclickaction="SWITCH;normal" move="1" ghost="0" sysregion="1" cursor="cur.normal"/>
	<layer id="pledit.background.main.center" x="267" y="0" w="-366" relatw="1" h="35" image="window.shade.background.main.center" activealpha="255" inactivealpha="0" tile="1" dblclickaction="SWITCH;normal" move="1" ghost="0" sysregion="1" cursor="cur.normal"/>
	<layer id="pledit.background.main.right" x="-271" y="0" relatx="1" h="35" image="window.shade.background.main.right" activealpha="255" inactivealpha="0" dblclickaction="SWITCH;normal" move="1" ghost="0" sysregion="1" cursor="cur.normal"/>
	
	<layer id="background.shade.l.i" x="0" y="0" h="29" image="shade.background.main.left.inactive" activealpha="0" inactivealpha="255" dblclickaction="SWITCH;normal" sysregion="1"/>
	<layer id="background.shade.m.i" x="267" y="0" h="29" w="-538" relatw="1" image="shade.background.main.middle.inactive" activealpha="0" inactivealpha="255" dblclickaction="SWITCH;normal" sysregion="1"/>
	<layer id="background.shade.r.i" x="-271" y="0" h="29" relatx="1" image="shade.background.main.right.inactive" activealpha="0" inactivealpha="255" dblclickaction="SWITCH;normal" sysregion="1"/>
	
	<layer id="pledit.region.top.left" x="0" y="0" image="window.shade.region.top.left" ghost="1" sysregion="-2"/>
	<layer id="pledit.region.top.right" x="-3" y="0" relatx="1" image="window.shade.region.top.right" ghost="1" sysregion="-2"/>
	<layer id="pledit.region.bottom.left" x="0" y="-3" relaty="1" image="window.shade.region.bottom.left" ghost="1" sysregion="-2"/>
	<layer id="pledit.region.bottom.right" x="-3" y="-3" RELATX="1" RELATY="1" image="window.shade.region.bottom.right" ghost="1" sysregion="-2"/>

	<button id="pl.shade.mainmenu" action="SYSMENU" x="0" y="1" image="player.button.mainmenu" hoverimage="player.button.mainmenu.h" downimage="player.button.mainmenu.d" alpha="255" tooltip="Winamp Menu" cursor="cur.normal"/>
	
	<layer id="pledit.background.grip.mid" x="-4" y="0" w="4" h="35" image="shade.resizer" relatx="1" dblclickaction="SWITCH;normal" move="0" tooltip="Adjust Horizontal Size" resize="right" alpha="255" cursor="cur.posbar"/>

	<group id="pledit.shade.group.display" x="4" y="3" cursor="cur.normal"/>

	<!-- active -->
	<button x="-73" y="1" relatx="1" image="shade.button.minimize.n" cursor="cur.close" activealpha="255" inactivealpha="0"/>
	<button x="-50" y="1" relatx="1" image="shade.button.switch.n" cursor="cur.close" activealpha="255" inactivealpha="0"/>
	<button x="-27" y="1" relatx="1" image="shade.button.close.n" cursor="cur.close" activealpha="255" inactivealpha="0"/>

	<!-- inactive -->
	<button x="-73" y="1" relatx="1" image="shade.button.minimize.inactive" cursor="cur.close" activealpha="0" inactivealpha="255"/>
	<button x="-50" y="1" relatx="1" image="shade.button.switch.inactive" cursor="cur.close" activealpha="0" inactivealpha="255"/>
	<button x="-27" y="1" relatx="1" image="shade.button.close.inactive" cursor="cur.close" activealpha="0" inactivealpha="255"/>

	<button id="pledit.button.switch" action="SWITCH" param="normalpl" x="-50" y="1" relatx="1" image="shade.button.transparent" hoverimage="shade.button.switch.h"
	downimage="shade.button.switch.d" tooltip="Toggle Windowshade Mode" alpha="255" cursor="cur.normal"/>
	<button id="pledit.button.close" action="CLOSE" x="-27" y="6" relatx="1" image="player.button.transparent" hoverimage="window.shade.button.close.h" downimage="window.shade.button.close.d" tooltip="Close" alpha="255" cursor="cur.close"/>
	<button id="player.button.minimize" action="MINIMIZE" x="-73" y="6" relatx="1" image="player.button.transparent" hoverimage="player.button.minimize.h" downimage="player.button.minimize.d" tooltip="Minimize" alpha="255" cursor="cur.normal"/>
</groupdef>

<groupdef id="pledit.shade.group.display" w="-65" h="29" relatw="1">
	<layer id="pledit.background.display.left" x="0" y="0" image="pl.shade.display.left" ghost="1" />
	<layer id="pledit.background.display.center" x="81" y="0" w="-100" relatw="1" image="pl.shade.display.middle" tile="1" ghost="1" />
	<layer id="pledit.background.display.right" x="-19" y="0" relatx="1" image="pl.shade.display.right" ghost="1" />
	
  <playlistPlus id="main.pl.shadow" x="19" y="7" w="-29" h="19" relatw="1" font="trebuc" fontsize="17" linespacing="1" bold="1"
  color="titlebar.text.shadow" antialias="1" playcolor="titlebar.text.shadow" sysregion="1" ghost="1" activealpha="255" inactiveAlpha="0"/>
	
  <playlistPlus id="main.pl" x="18" y="6" w="-29" h="19" relatw="1" font="trebuc" fontsize="17" linespacing="1" bold="1"
  color="titlebar.text" antialias="1" playcolor="titlebar.text" sysregion="1" ghost="1" activealpha="255" inactiveAlpha="0"/>
  
  <playlistPlus id="main.pl.inactive" x="18" y="6" w="-29" h="19" relatw="1" font="trebuc" fontsize="17" linespacing="1" bold="1"
  color="titlebar.text.inactive" antialias="1" playcolor="titlebar.text.inactive" sysregion="1" ghost="1" activealpha="0" inactivealpha="255"/>
</groupdef>


<groupdef id="xui.playlistplus.selector">
	<!--rect id="selector" fitparent="1" filled="1" color="wasabi.list.background" alpha="255"/-->
</groupdef>

<!--groupdef id="elipsis">
	<rect id="plslider" fitparent="1" filled="1" color="21,19,29" gammagroup="display" alpha="255"/>
	<text id="elipsis" text="..." x="0" y="0" w="10" h="20" ghost="1"/>
</groupdef-->

<groupdef id="xui.playlistplus" xuitag="PlaylistPlus">
	<layer id="playlist.plus.lines" image="none" x="4" y="0" w="-8" h="20" relatw="1" ghost="1" alpha="185" />
	<group id="xui.playlistplus.selector" x="0" y="0" w="0" relatw="1" h="10" alpha="255" visible="0"/>
	
	<rect id="plslider" x="-8" y="0" w="1" relatx="1" h="5" filled="1" color="0,0,0" alpha="0" visible="1" ghost="0" move="1"/>
		
	<text id="dummy" text="10:00" x="0" y="0" w="0" h="20" relatw="1" visible="0" ghost="1"/>
	
	<!--group id="elipsis" x="-53" y="0" w="10" h="18" relatx="1" ghost="1"/-->
	
	<layer id="mousetrap" x="0" y="0" w="0" relatw="1" h="0" relath="1" rectrgn="1" move="1" dblclickaction="SWITCH;normal" cursor="cur.normal"/>
	  
  <script id="xui.playlistplus.script" file="..\WinampXP\scripts\playlist_editor.maki"/>
</groupdef>


<!--groupdef id="pledit.miniplayback.buttons">
	<button id="player.button.previous" action="PREV" x="0" y="0" image="pl.button.previous.n" hoverimage="pl.button.previous.h" downimage="pl.button.previous.d" rectrgn="1" cursor="cur.normal"/>
	<button id="player.button.pause" action="PAUSE" x="20" y="0" image="pl.button.pause.n" hoverimage="pl.button.pause.h" downimage="pl.button.pause.d" rectrgn="1" cursor="cur.normal"/>
	<button id="player.button.play" action="PLAY" x="20" y="0" image="pl.button.play.n" hoverimage="pl.button.play.h" downimage="pl.button.play.d" rectrgn="1" cursor="cur.normal"/>
	<button id="player.button.stop" action="STOP" x="40" y="0" image="pl.button.stop.n" hoverimage="pl.button.stop.h" downimage="pl.button.stop.d" rectrgn="1" cursor="cur.normal"/>
	<button id="player.button.next" action="NEXT" x="60" y="0" image="pl.button.next.n" hoverimage="pl.button.next.h" downimage="pl.button.next.d" rectrgn="1" cursor="cur.normal"/>
  <button id="player.button.eject" action="EJECT" x="80" y="0" image="pl.button.eject.n" hoverimage="pl.button.eject.h" downimage="pl.button.eject.d" rectrgn="1" cursor="cur.normal"/>

  <script file="..\WinampXP\scripts\play_pause.maki" param="player.button.play;player.button.pause"/>
</groupdef-->

<groupdef id="pledit.switch.button">
	<!-- active -->
	<button x="-25" y="7" relatx="1" image="player.button.switch" activealpha="255" inactivealpha="0" cursor="cur.normal"/>

	<!-- inactive -->
	<button x="-25" y="7" relatx="1" image="player.button.switch.inactive" activealpha="0" inactivealpha="255" cursor="cur.normal"/>
	<button id="pledit.button.switch" action="SWITCH" param="SHADE" x="30" y="7" image="player.button.transparent" hoverimage="window.shade.button.switch.h" downimage="window.shade.button.switch.d" tooltip="Toggle Windowshade Mode" alpha="255" cursor="cur.normal"/>
</groupdef>


<layout id="normalpl" background="component.basetexture" desktopalpha="0" minimum_h="242" minimum_w="308" linkwidth="shade" appbar="top|bottom|left|right" >
	<Wasabi:StandardFrame:Status x="0" y="0" w="0" h="0" relatw="1" relath="1" content="pledit.content.group" />
	<sendparams target="window.button.switch" visible="1"/>
	<sendparams target="wasabi.frame.layout.windowcontrol" x="-62" w="51"/>
	<sendparams target="wasabi.frame.layout.titlebar" w="0"/>
	<sendparams target="wasabi.frame.layout.grip" x="10" w="-78"/>
  <sendparams target="componentname" w="-81"/>
  <sendparams target="disabled.switch" alpha="0"/>

	<sendparams target="mousetrap" dblClickAction="SWITCH;shade"/>

	<layer id="pledit.background" image="window.pl.bg" x="4" y="-46" h="41" relatw="1" w="-8" relaty="1" alpha="255" cursor="cur.normal"/>

	<button id="pledit.buttons.bg" x="9" y="-43" relaty="1" image="window.buttons.bg"/>
	<button id="pledit.button.add" action="PE_ADD" x="0" y="-43" relaty="1" image="window.pl.button.add.n" hoverimage="window.pl.button.add.h" downimage="window.pl.button.add.d" tooltip="Add Files to Playlist" cursor="cur.normal"/>
	<button id="pledit.button.rem" action="PE_REM" x="44" y="-43" relaty="1" image="window.pl.button.rem.n" hoverimage="window.pl.button.rem.h" downimage="window.pl.button.rem.d" tooltip="Remove Files from Playlist" cursor="cur.normal"/>
	<button id="pledit.button.sel" action="PE_SEL" x="84" y="-43" relaty="1" image="window.pl.button.sel.n" hoverimage="window.pl.button.sel.h" downimage="window.pl.button.sel.d" tooltip="Select Files in Playlist" cursor="cur.normal"/>
	<button id="pledit.button.misc" action="PE_MISC" x="124" y="-43" relaty="1" image="window.pl.button.misc.n" hoverimage="window.pl.button.misc.h" downimage="window.pl.button.misc.d" tooltip="Misc Actions" cursor="cur.normal"/>

	<!-- leaving this here for when the time comes -->
	<!--togglebutton id="pledit.button.sel.menu" action="PE_ADD" x="40" y="120" w="1" h="1" image="none"/>
	<button id="pledit.button.sel.gfx" x="160" y="-43" relaty="1" image="window.pl.button.sel.n" hoverimage="window.pl.button.sel.h" downimage="window.pl.button.sel.d" tooltip="Select Files in Playlist" rectrgn="1" cursor="cur.normal"/>
	<script file="..\WinampXP\scripts\sc_mouseredir.maki" param="pledit.button.sel.gfx;pledit.button.sel.menu"/-->

	<!--button id="pledit.button.bg" x="-59" y="-43" relatx="1" relaty="1" image="window.button.bg"/-->
	<button id="pledit.button.list" action="PE_LIST" x="-52" y="-43" relatx="1" relaty="1" image="window.pl.button.ploptns.n" hoverimage="window.pl.button.ploptns.h" downimage="window.pl.button.ploptns.d" tooltip="Manage Playlist" cursor="cur.normal"/>

  <!--grid id="pl.display.bg" x="-362" y="-43" h="29" w="301" relatx="1" relaty="1" left="window.pl.display.bg.left" middle="window.pl.display.bg.middle" right="window.pl.display.bg.right" ghost="1" alpha="255"/-->
  <grid id="pl.display" x="-362" y="-43" h="29" w="301" relatx="1" relaty="1" left="window.pl.display.left" middle="window.pl.display.middle" right="window.pl.display.right" ghost="1" alpha="255"/>
	
	<!--rect id="plssayer.vis" x="-354" y="-36" w="72" h="15" alpha="255" relatx="1" relaty="1"  color="0,0,250" filled="0"/-->
	<!--vis id="shade.vis" x="-354" y="-31" w="72" h="15" relatx="1" relaty="1" cursor="cur.normal" gammagroup="visualizers"/-->
	<!-- rect id="hide.for.gordon" x="-283" y="-36" w="2" h="17" relatx="1" relaty="1" color="28,22,50" filled="1" gammagroup="display"/ -->
  <!--layer id="hide.for.vic" x="27" y="71" image="none" ghost="1" alpha="0"/-->
	<layer id="player.vis.blocker" x="-354" y="-36" w="72" h="15" relatx="1" relaty="1" image="none" cursor="cur.normal" alpha="0"/>
	
	<text id="pledit.info.shadow" x="-212" y="8" h="19" w="136" relatx="1" display="PE_Info" font="trebuc" fontsize="17" bold="1" valign="middle" align="right" 
	rightclickaction="trackmenu" color="titlebar.text.shadow" move="1" activealpha="255" inactiveAlpha="0" dblClickAction="SWITCH;shade" cursor="cur.normal"/>

	<text id="pledit.info" x="-213" y="7" h="19" w="136" relatx="1" display="PE_Info" font="trebuc" fontsize="17" bold="1" valign="middle" align="right" 
	rightclickaction="trackmenu" color="titlebar.text" move="1" activealpha="255" inactiveAlpha="0" dblClickAction="SWITCH;shade" cursor="cur.normal"/>

	<text id="pledit.info" x="-213" y="7" h="19" w="136" relatx="1" display="PE_Info" font="trebuc" fontsize="17" bold="1" valign="middle" align="right" 
	rightclickaction="trackmenu" color="titlebar.text.inactive" move="1" activealpha="0" inactiveAlpha="255" dblClickAction="SWITCH;shade" cursor="cur.normal"/>

	<!--group id="pledit.miniplayback.buttons" x="-278" y="-33" relatx="1" relaty="1" cursor="cur.normal" alpha="255"/-->
	<group id="pledit.switch.button" x="-80" y="-1" h="30" w="55" relatx="1"/>

  <!--script file="scripts\visualizer.maki" param="shade.vis;player.vis.trigger;hide.for.vic"/-->
	
</layout> 


<layout id="shade" w="550" h="29" minimum_w="308" minimum_h="29" maximum_w="10000" droptarget="pldr" desktopalpha="0" linkwidth="normalpl">
	<group id="pledit.shade.group.main" x="0" y="0" h="29" ghost="1" cursor="cur.normal"/>
</layout>	
	
</container>