<!-- =======================================================================================================

  <Wasabi:TitleBar /> implmentation

    Available parameters :

      - All params for Group
      - All params for Text

    Required objects : (these objects are manipulated by the script, so overriding with script content inheritance
                       will require you to have these objects. Otherwise, you should be fine)

      - Group id="wasabi.titlebar.streak.left"
      - Group id="wasabi.titlebar.streak.right"
      - Layer id="mousetrap" (this object shoud cover the content of the group)

======================================================================================================== -->

<groupdef id="wasabi.titlebar" xuitag="Wasabi:TitleBar" embed_xui="window.titlebar.title">
  <!--
  <group id="wasabi.titlebar.streak" instanceid="wasabi.titlebar.streak.left" x="0" y="3" w="95" h="30"/>

  <sendparams group="wasabi.titlebar.streak.left" target="titlebar.center" w="-20"/>
  <sendparams group="wasabi.titlebar.streak.left" target="titlebar.right" x="0"/>
  -->
  
  <text id="window.titlebar.title.dropshadow" x="13" y="-3" relatw="1" w="-77" h="42" default=":componentname" font="trebuc" fontsize="17"
    align="left" color="titlebar.text.shadow" bold="1" antialias="1" activealpha="255" inactiveAlpha="0" forceuppercase="0"/>
	
  <text id="window.titlebar.title" x="12" y="-4" relatw="1" w="-77" h="42" default=":componentname" font="trebuc" fontsize="17"
    align="left" color="titlebar.text" bold="1" antialias="1" activealpha="255" inactiveAlpha="0" forceuppercase="0"/>
	
  <text id="window.titlebar.title.dim" x="12" y="-4" relatw="1" w="-77" h="42" default=":componentname" font="trebuc" fontsize="17"
    align="left" color="titlebar.text.inactive" bold="1" antialias="1" activealpha="0" inactivealpha="255" forceuppercase="0"/>

  <!--
  <group id="wasabi.titlebar.streak" instanceid="wasabi.titlebar.streak.right" x="0" y="3" w="-155" relatw="1" h="30" sysregion="1"/>
  <sendparams group="wasabi.titlebar.streak.right" target="titlebar.center" x="10" w="-20"/>
  <sendparams group="wasabi.titlebar.streak.right" target="titlebar.left" x="0"/>
  -->
  <layer id="mousetrap" x="0" y="5" w="0" h="-10" relatw="1" relath="1" image="none" move="1" cursor="cur.move"/>
</groupdef>

<!-- =======================================================================================================

  This implements a title streak bar. Dependencies are limited to the wasabi.titlebar group, in other words, if you remove
  the sendparams in the above group, none of these objects are required.

======================================================================================================== -->

<!--
<groupdef id="wasabi.titlebar.streak">

  <layer id="titlebar.left" x="0" y="1" image="titlebar.window.stripes.left" activealpha="255" inactiveAlpha="110"/>
  <layer id="titlebar.center" x="10" y="1" w="-10" relatw="1" image="titlebar.window.stripes.center" activealpha="255" inactiveAlpha="110" cursor="cur.normal"/>
  <layer id="titlebar.right" x="-10" y="1" relatx="1" image="titlebar.window.stripes.right" activealpha="255" inactiveAlpha="110" />
    
</groupdef>
-->