  <color id="greentxtsui" value="138,196,64" gammagroup="display-sui-text"/>
  <color id="greentxttime" value="138,196,64" gammagroup="display-text"/>
  
  <color id="wasabi.text.color" value="0,0,0"/>
  
  <!-- time display and song title box text color -->
  <color id="tdtext.color" value="153,84,10"/>

	<!-- Generic Lists -->
	<color id="wasabi.list.text" value="0,0,0" gammagroup="display-sui-text"/> <!--lists/trees item foreground (also edit text) -->
	<color id="wasabi.list.background" value="255,255,255" gammagroup="display"/>	<!--lists/trees item background (also bg for edit) -->
	<color id="wasabi.list.text.alternate" value="0,0,0" gammagroup="display-sui-text"/> <!-- ML txt and such -->
	<color id="wasabi.list.background.alternate" value="255,255,255" gammagroup="display"/>	

  <color id="wasabi.list.text.selected" value="255,255,255" gammagroup="current-active"/> <!--listview/treeview selection bar text color -->
	<color id="wasabi.list.text.selected.background" value="147,160,112" gammagroup="selection-bg"/> <!--listview/treeview selection bar background color -->
	<color id="studio.list.item.selected" value="147,160,112" gammagroup="current-active"/>
	<color id="studio.list.item.focused" value="147,160,112" gammagroup="selection-bg"/>
  <color id="studio.list.item.selected.fg" value="128,128,128" gammagroup="display-sui-text"/>

	<color id="wasabi.list.text.current" value="153,84,10" gammagroup="current-active"/> <!-- currently playing item in lists -->
	<color id="wasabi.list.text.selected.inactive" value="0,0,0" gammagroup="selection-bg"/> <!-- listview/treeview selection bar textcolor (inactive) -->
	<color id="wasabi.list.text.selected.background.inactive" value="236,233,216" gammagroup="selection-bg"/> <!-- listview/treeview selectionbar back color (inactive) -->

	<!-- edit wnds -->
	<color id="wasabi.window.background" value="236,233,216" gammagroup="display-sui"/> <!-- window background. -	If this color is not defined, a whole container is created in memory to 
	extract a pixel, so specifying it makes skin loading faster --> <!-- also, look below, this needs to be loaded 1st, don't move it -->
	
	<color id="wasabi.list.column.background" value="wasabi.window.background" gammagroup="display-sui"/> <!-- listview header background color -->
	<color id="wasabi.list.column.text" value="0,0,0" gammagroup="window-text"/> <!-- listview header text color -->
  <color id="studio.list.column.separator" value="wasabi.window.background"/>
	<color id="wasabi.list.column.frame.top" value="255,255,255" gammagroup="display-sui"/> <!-- listview header frame top color -->
	<color id="wasabi.list.column.frame.middle" value="172,168,153" gammagroup="display-sui"/> <!-- listview header frame middle color -->
	<color id="wasabi.list.column.frame.bottom" value="113,111,100" gammagroup="display-sui"/> <!-- listview header frame bottom color -->
	<color id="wasabi.list.column.empty" value="238,234,216" gammagroup="display-sui"/>  <!-- listview header empty color (beyond the columns -->


	<color id="wasabi.window.text" value="0,0,0" gammagroup="window-text"/> <!--text color within windows -->
	<color id="wasabi.border.sunken" value="172,168,153" gammagroup="display-sui"/> <!-- color of dividers and sunken borders (also affects playlist scrollbar outline at the sides) -->


  <!-- Generic Trees -->
  <color id="studio.tree.text" value="0,0,0" gammagroup="display-sui-text"/>
  <color id="studio.tree.selected" value="0,0,0" gammagroup="selection-bg"/>
  <color id="studio.tree.hilited" value="greentxtsui" gammagroup="display-sui-text"/>
  <color id="studio.tree.hiliteddrop" value="greentxtsui" gammagroup="display-sui-text"/>

  <!-- Generic Lists -->
  <color id="studio.list.text" value="0,0,0" gammagroup="display-sui-text"/>

  <!-- Item Lists -->
  <color id="common.itemlist.outline.current" value="147,160,112" gammagroup="display-sui-text"/>
  <color id="common.itemlist.outline.focus" value="240,240,240" gammagroup="display-sui-text"/>

  <!-- playlist editor -->
  <color id="pledit.text" value="0,0,0" gammagroup="display-sui-text"/>
  <color id="pledit.text.current" value="248,248,248" gammagroup="current-active"/>
  <color id="pledit.currentoutline" value="147,160,112" gammagroup="current-active"/>
  <color id="pledit.dir.plitem.currect" value="255,255,255" gammagroup="current-active"/>
  <color id="pledit.dir.plitem" value="0,0,0" gammagroup="display-sui-text"/>
  <color id="pledit.dir.working" value="175,175,175" gammagroup="display-sui-text"/>
  <color id="pledit.dir.workingbg" value="124,124,124" gammagroup="display-sui-text"/>
  <color id="pledit.text.readonly" value="200,200,200" gammagroup="display-sui-text"/>

  <!-- Message box -->
  <color id="studio.msgBox.background" value="32,32,32"/>
  <color id="studio.textBar.text" value="75,75,75" gammagroup="display-sui-text"/>
  <color id="studio.textBar.background" value="32,32,32"/>

  <!-- Buttons -->
  <color id="studio.button.text" value="0,0,0" gammagroup="button-text"/>
  <color id="studio.button.hiliteText" value="132,144,160" gammagroup="button-text"/>
  <color id="studio.button.dimmedText" value="122,134,150" gammagroup="button-text"/>

  <!-- Popup menus -->

  <!-- pre 5.55:	-->
  <color id="wasabi.popupmenu.background" value="255,255,255" gammagroup="display-sui"/>
  <color id="wasabi.popupmenu.text" value="0,0,0" gammagroup="txtlabels"/>
  <color id="wasabi.popupmenu.text.selected" value="255,255,255" gammagroup="current-active"/>
  <color id="wasabi.popupmenu.text.inactive" value="183,183,183" gammagroup="display-sui-text"/>

  <!-- Winamp 5.53+ PopupMenu -->

  <color id="wasabi.popupmenu.frame" value="172,168,153" gammagroup="display-sui"/>
  <color id="wasabi.popupmenu.separator" value="172,168,153" gammagroup="display-sui"/>
  <color id="wasabi.popupmenu.background.selected" value="147,160,112" gammagroup="selection-bg"/>

  <!-- Titlebar text -->
  <color id="titlebar.text" value="255,255,255" gammagroup="current-active"/>
	<color id="titlebar.text.shadow" value="65,64,10" gammagroup="selection-bg"/>
  <color id="titlebar.text.inactive" value="255,255,255" gammagroup="display-sui-text"/>

  <!-- Tooltip/Button -->	
  <color id="wasabi.tooltip.text" value="wasabi.popupmenu.text" gammagroup="txtlabels"/>
  <color id="wasabi.tooltip.background" value="wasabi.popupmenu.background" gammagroup="plastic"/>
  <color id="wasabi.tooltip.frame" value="wasabi.popupmenu.frame" gammagroup="display-sui"/>


  <!-- Components -->
  <color id="studio.status.text" value="240,240,240" gammagroup="display-sui-text"/>
  <color id="studio.component.title.foreground" value="255,255,255" gammagroup="txtlabels"/>
  <color id="studio.component.title.border" value="1,1,1" gammagroup="display-sui-text"/>

  <!-- labeled windows -->
  <color id="common.labelwnd.foreground" value="240,240,240" gammagroup="display-sui-text"/>
  <color id="common.labelwnd.background" value="0,0,0" gammagroup="display-sui-text"/>

  <!-- edit wnds -->
  <color id="wasabi.edit.selection" value="0,0,180" gammagroup="selection-bg"/>
  <color id="wasabi.edit.text" value="greentxtsui" gammagroup="display-sui-text"/>
  <color id="wasabi.edit.background" value="0,0,180" gammagroup="display-sui"/>

	<elementalias id="wasabi.scrollbar.foreground" target="wasabi.scrollbar.background"/>
	<elementalias id="wasabi.scrollbar.background" target="wasabi.scrollbar.background"/>
  <elementalias id="wasabi.scrollbar.foreground.inverted" target="wasabi.scrollbar.background"/>
	<elementalias id="wasabi.scrollbar.background.inverted" target="wasabi.scrollbar.background"/>

	<color id="wasabi.scrollbar.foreground.inverted" value="255,255,255" gammagroup="plastic"/> <!-- inverse scrollbar foreground color -->
	<color id="wasabi.scrollbar.background.inverted" value="255,255,255" gammagroup="plastic"/> <!-- inverse inverse scrollbar background color AND PL Editor bg-->
	<color id="wasabi.scrollbar.foreground" value="255,255,255" gammagroup="plastic"/> <!-- scrollbar foreground color -->
	<color id="wasabi.scrollbar.background" value="255,255,255" gammagroup="plastic"/> <!-- scrollbar background color -->

  <!-- vis colors for shade and pledit -->
  <color id="vis.shade" value="255,255,255" gammagroup="plastic"/>
  <color id="vis.shade.shadow" value="65,64,10" gammagroup="plastic"/>
  <color id="vis.pledit" value="0,0,0" gammagroup="plastic"/>
	
  <!-- WACUP only: Waveseeker -->

  <color id="plugin.waveseeker.background" value="236,233,216" gammagroup="plastic"/>
  <color id="plugin.waveseeker.wave_normal" value="162,183,208" gammagroup="greybuttons"/>
  <color id="plugin.waveseeker.wave_playing" value="50,107,197" gammagroup="display-text"/>